{
  "prusti-tests/tests/verify/pass/rosetta/Knuth_shuffle.rs": [
    2.1663820999999643,
    1.9162046149999696,
    1.9173936079999976,
    1.837943150000001,
    1.8008350960000143,
    1.874466309000013,
    1.8504252220000126,
    1.8490711299999703,
    1.808280011000079,
    1.8215041869999595
  ],
  "prusti-tests/tests/verify/pass/demos/account.rs": [
    1.644548036999936,
    1.6639822480000248,
    1.6279532849999896,
    1.651819162000038,
    1.6389574820000234,
    1.6271030940000628,
    1.636089310999978,
    1.6530644529999563,
    1.6445252319999781,
    1.6273245930000257
  ],
  "prusti-tests/tests/verify/pass/rosetta/Knights_tour.rs": [
    96.02464671400003,
    94.09648175899997,
    94.7889196120002,
    94.06634596799995,
    93.99294231199997,
    94.42400607499985,
    93.44840176599996,
    95.28372675399987,
    94.22006753400001,
    92.60918361900008
  ],
  "prusti-tests/tests/verify/pass/quick/fold-unfold.rs": [
    1.104218021999941,
    1.1025993369999014,
    1.1053923109998323,
    1.0949726080000346,
    1.093131625000069,
    1.097367585000029,
    1.100961352000013,
    1.1035459280001305,
    1.1053492109999752,
    1.1014022490001025
  ],
  "prusti-tests/tests/verify/pass/quick/moves.rs": [
    1.3387760489999891,
    1.3355959789998906,
    1.3377482579999196,
    1.3288189410000086,
    1.3411640270001044,
    1.3346810870000354,
    1.3274115539998093,
    1.3397616390000167,
    1.33961194099993,
    1.3351604829999815
  ],
  "prusti-tests/tests/verify/pass/quick/mut-borrows.rs": [
    2.5991211269999894,
    2.605772965000142,
    2.6110412170000927,
    2.610663220000106,
    2.6108746180000253,
    2.6133204949999254,
    2.6366188780000357,
    2.6189774419999594,
    2.625517080999998,
    2.604859774000033
  ],
  "prusti-tests/tests/verify/pass/quick/shared-borrows.rs": [
    1.6501180509999358,
    1.6517453349999869,
    1.651432037999939,
    1.6581497759998456,
    1.6393559509999704,
    1.6452908930000376,
    1.6329556070002127,
    1.650272146000134,
    1.640836032999914,
    1.6459369859999242
  ],
  "prusti-tests/tests/verify/pass/quick/trait-contracts-refinement.rs": [
    1.4553433590001532,
    1.4432922710000184,
    1.4454097509999428,
    1.435120746000166,
    1.4411911900001542,
    1.4333308599998418,
    1.4279106080000474,
    1.4333566580000934,
    1.4408579869998448,
    1.434153649999871
  ],
  "prusti-tests/tests/verify/pass/quick/routes.rs": [
    4.2313695129998905,
    4.071906698000021,
    3.9302677139999105,
    3.948566342000049,
    3.9191513170001144,
    3.946093668000003,
    3.872348656999975,
    3.8979133210000327,
    3.875532726000074,
    3.8583844839999983
  ],
  "prusti-tests/tests/verify/pass/quick/fibonacci.rs": [
    4.939468013999885,
    4.91684341999985,
    4.882457155000111,
    4.931985583000142,
    4.906708595999817,
    4.91920756699983,
    4.919417753999824,
    4.90848228699997,
    4.924807715000043,
    4.8907965060002425
  ],
  "prusti-tests/tests/verify/pass/pure-fn/len-lookup.rs": [
    2.8782191140003306,
    2.8770011480000903,
    2.8612692950000564,
    2.858590852999896,
    2.8676401580000856,
    2.884217207999882,
    2.9072179449999567,
    2.8641828459999488,
    2.8536971459998313,
    2.8440437409999504
  ],
  "prusti-tests/tests/verify/pass/pure-fn/quantifiers.rs": [
    1.7722897120002017,
    1.7474284429999898,
    1.735579954000059,
    1.7411216030000105,
    1.7459465580000142,
    1.7526902959998552,
    1.770602528999916,
    1.7445935390001068,
    1.74714902300002,
    1.7593039110001882
  ],
  "prusti-tests/tests/verify/pass/pure-fn/recursive-pure-fn.rs": [
    1.5584043600001678,
    1.5443441610000264,
    1.5759558409999954,
    1.5498935830000846,
    1.5663445300001513,
    1.5504485779997594,
    1.5492487920000713,
    1.547666971000126,
    1.549136857999656,
    1.5594717620001575
  ],
  "prusti-tests/tests/verify/pass/pure-fn/ref-mut-arg.rs": [
    2.309224919999906,
    2.277165965000222,
    2.2826900750001187,
    2.271596577999844,
    2.280495295000037,
    2.278673310999693,
    2.2906624999995984,
    2.2709935830002905,
    2.281360611999844,
    2.268190153999967
  ],
  "prusti-tests/tests/verify/pass/rosetta/Ackermann_function.rs": [
    1.6159079059998476,
    1.6108108540001922,
    1.619721765000122,
    1.6361313880001944,
    1.6125284069998997,
    1.6096652350001932,
    1.6280922629998713,
    1.616073045000121,
    1.627234531999875,
    1.6145585469998878
  ],
  "prusti-tests/tests/verify/pass/rosetta/Heapsort.rs": [
    9.167855288999817,
    9.126540630999898,
    9.128518393999911,
    9.015333245999955,
    9.103795764000097,
    9.030193078000138,
    9.110879074999957,
    9.087062951999997,
    9.075965336000081,
    9.091840705000322
  ]
}