{
  "prusti-tests/tests/verify/pass/rosetta/Knuth_shuffle.rs": [
    2.1958105009999827,
    1.867030676000013,
    1.921757413000023,
    1.868124177000027,
    1.8340815530000327,
    1.8517554649999965,
    1.8633356280000726,
    1.8093919820000792,
    1.8313964949999217,
    1.8380352000000357
  ],
  "prusti-tests/tests/verify/pass/demos/account.rs": [
    1.6734982969999237,
    1.6812970109999696,
    1.6520522910000182,
    1.6553395939999973,
    1.6661493010000186,
    1.6520327089999682,
    1.6670787100000553,
    1.7071684410000216,
    1.6594971040000246,
    1.6629424070000596
  ],
  "prusti-tests/tests/verify/pass/rosetta/Knights_tour.rs": [
    98.70921343199996,
    98.95583018799994,
    98.17162734999988,
    97.63104286599992,
    96.06435402299985,
    94.96818332600014,
    97.00265384400018,
    98.38567630700004,
    95.69644415800008,
    94.10746180699994
  ],
  "prusti-tests/tests/verify/pass/quick/fold-unfold.rs": [
    1.1032591200000752,
    1.1072064210000008,
    1.1088671219999924,
    1.100865917999954,
    1.1010270189999574,
    1.0951355160000276,
    1.1003693180000482,
    1.098107218999985,
    1.1190875280001364,
    1.1012315200000558
  ],
  "prusti-tests/tests/verify/pass/quick/moves.rs": [
    1.3477706149999449,
    1.3328020090000336,
    1.334151410000004,
    1.328989632999992,
    1.3440548049998142,
    1.337044201000026,
    1.328659694999942,
    1.3347575990001133,
    1.3459777059999851,
    1.3385581079999156
  ],
  "prusti-tests/tests/verify/pass/quick/mut-borrows.rs": [
    2.621543560999953,
    2.6403697700000066,
    2.627313425000011,
    2.6352238010001656,
    2.6312967989999834,
    2.6227887509999164,
    2.6375882930001353,
    2.635763691999955,
    2.631414212999971,
    2.623864711999886
  ],
  "prusti-tests/tests/verify/pass/quick/shared-borrows.rs": [
    1.6488527870001235,
    1.6592558929999086,
    1.6667490969998653,
    1.6553487809999297,
    1.65511184900015,
    1.660362836999866,
    1.663420024000061,
    1.674066430000039,
    1.6764334440001676,
    1.694962753000027
  ],
  "prusti-tests/tests/verify/pass/quick/trait-contracts-refinement.rs": [
    1.5043914579998727,
    1.4759106429999065,
    1.4455014279999432,
    1.4712042420001126,
    1.4454176300000654,
    1.4475609300000087,
    1.4405372270000498,
    1.4605527369999436,
    1.4387312260000726,
    1.45112313300001
  ],
  "prusti-tests/tests/verify/pass/quick/routes.rs": [
    4.241757441000118,
    4.1558118989999,
    4.016946229000041,
    3.987026214999787,
    3.958948701999816,
    3.9756011120002768,
    3.9680859299996882,
    3.918637484000101,
    3.972972351000408,
    3.9245970820002185
  ],
  "prusti-tests/tests/verify/pass/quick/fibonacci.rs": [
    5.076006948999748,
    5.0034200499999315,
    4.979843929000253,
    5.045983135999904,
    5.007472666000012,
    4.985770513999796,
    5.033430325000154,
    5.00915804899978,
    5.017966177999824,
    5.030905867999991
  ],
  "prusti-tests/tests/verify/pass/pure-fn/len-lookup.rs": [
    2.9435476139997263,
    2.9666448980001405,
    2.944365905000268,
    2.9449210070001755,
    2.955823634000353,
    2.951575230999879,
    2.9429002500000934,
    2.9530330089996824,
    2.9465761049996217,
    2.9513947770001323
  ],
  "prusti-tests/tests/verify/pass/pure-fn/quantifiers.rs": [
    1.8304595539998445,
    1.7930238290000489,
    1.7862732239996149,
    1.7836190560001342,
    1.7818522829998074,
    1.7805557819997375,
    1.7905275889997938,
    1.7820576819999587,
    1.7903426709999621,
    1.796991075999813
  ],
  "prusti-tests/tests/verify/pass/pure-fn/recursive-pure-fn.rs": [
    1.606327539999711,
    1.6063462409997555,
    1.6471127519998845,
    1.608540832000017,
    1.6000620219997472,
    1.606828329000109,
    1.598904419000064,
    1.5975580670001364,
    1.5979762399997526,
    1.5967450399998597
  ],
  "prusti-tests/tests/verify/pass/pure-fn/ref-mut-arg.rs": [
    2.340442617000008,
    2.351233171000331,
    2.3396857869997802,
    2.3466151919997174,
    2.332125578999694,
    2.342172863000087,
    2.34714688799977,
    2.377827211999829,
    2.3507071760000144,
    2.33707733700021
  ],
  "prusti-tests/tests/verify/pass/rosetta/Ackermann_function.rs": [
    1.6555069309997634,
    1.6593207340001754,
    1.6588344230003713,
    1.6509721849997732,
    1.6485445820003406,
    1.6602607899999384,
    1.6741346999997404,
    1.652422701999967,
    1.673495372999696,
    1.6530659589998322
  ],
  "prusti-tests/tests/verify/pass/rosetta/Heapsort.rs": [
    9.258682260000114,
    9.176142837999578,
    9.180472009999903,
    9.071569645000181,
    9.177742816999853,
    9.19045369000014,
    9.121821242999886,
    9.169084720000228,
    9.166230656000153,
    9.06427303999999
  ]
}