{
  "prusti-tests/tests/verify/pass/rosetta/Knuth_shuffle.rs": [
    2.397509189999937,
    2.197010121999938,
    2.1770958869999504,
    2.1506381740000506,
    2.120837421000033,
    2.15883957799997,
    2.1338976829999865,
    2.073194363000084,
    2.1052849440000045,
    2.104993143999991
  ],
  "prusti-tests/tests/verify/pass/demos/account.rs": [
    1.99789997400012,
    1.9151706939999258,
    1.8496887179999248,
    1.831047998000031,
    1.8544425760001104,
    1.9494673019999027,
    1.8673053290001462,
    1.8988554030001978,
    1.9016962370001238,
    1.879685175999839
  ],
  "prusti-tests/tests/verify/pass/rosetta/Knights_tour.rs": [
    118.72164876800002,
    115.87581993399999,
    115.73226180200004,
    120.53439225900001,
    118.87075002000006,
    117.87717105399997,
    119.23402817099986,
    124.43088227099975,
    120.04021407299979,
    117.51991463500008
  ],
  "prusti-tests/tests/verify/pass/quick/fold-unfold.rs": [
    1.242308378999951,
    1.24483501099985,
    1.2196384990002116,
    1.238055126999825,
    1.2241855550000764,
    1.2313342910001666,
    1.2294141120000859,
    1.2941512020001937,
    1.2526443960000506,
    1.2414269580003747
  ],
  "prusti-tests/tests/verify/pass/quick/moves.rs": [
    1.5131294759999037,
    1.4695174089997636,
    1.4785701509999853,
    1.5356195780000235,
    1.556882848999976,
    1.5262662590002947,
    1.535170547999769,
    1.5561844809999457,
    1.5191107670002566,
    1.482290687999921
  ],
  "prusti-tests/tests/verify/pass/quick/mut-borrows.rs": [
    3.0208337469998696,
    2.970667675999721,
    3.073510603000159,
    2.990331739999874,
    3.032202290999976,
    3.021058848999928,
    2.9544262599997637,
    3.039767815000232,
    3.178717520999726,
    3.0460670870002104
  ],
  "prusti-tests/tests/verify/pass/quick/shared-borrows.rs": [
    1.98439482699996,
    1.9007372969999778,
    1.9410318399995958,
    1.9291781010001614,
    1.9634871260000182,
    1.8801060929999949,
    1.945514206000098,
    2.027712271999917,
    1.9023479590000534,
    1.8995961259997785
  ],
  "prusti-tests/tests/verify/pass/quick/trait-contracts-refinement.rs": [
    1.6922047230000317,
    1.722247518000131,
    1.6940310009999848,
    1.8082411969999157,
    1.7522592120003537,
    1.7104040499998518,
    1.7039491479999924,
    1.6842005089997656,
    1.7616537469998548,
    1.843817442999807
  ],
  "prusti-tests/tests/verify/pass/quick/routes.rs": [
    4.959069040000031,
    4.817939874999865,
    4.852186358999916,
    4.780774212999859,
    4.752371881999807,
    4.744912772000134,
    4.626564091999626,
    4.880768933999661,
    4.558464276999985,
    4.667223470999943
  ],
  "prusti-tests/tests/verify/pass/quick/fibonacci.rs": [
    5.865524920000098,
    5.876060348999999,
    6.058183658999951,
    6.032514286000151,
    5.714523653000015,
    5.965910564999831,
    5.93891012999984,
    5.844900991000031,
    5.997468240999751,
    5.841162915000041
  ],
  "prusti-tests/tests/verify/pass/pure-fn/len-lookup.rs": [
    3.3677953930000513,
    3.5016499570001542,
    3.547497153999757,
    3.575107581999873,
    3.438272341999891,
    3.4519890079996003,
    3.5565612180002972,
    3.452756989000136,
    3.4938138349998553,
    3.4043472650000695
  ],
  "prusti-tests/tests/verify/pass/pure-fn/quantifiers.rs": [
    2.240264860000025,
    2.3077350749999823,
    2.1931475199999113,
    2.277773143000104,
    2.161467230999733,
    2.1232554630000777,
    2.154705839000144,
    2.032795783000438,
    2.1278205930002514,
    2.1409914740002023
  ],
  "prusti-tests/tests/verify/pass/pure-fn/recursive-pure-fn.rs": [
    1.95782440999983,
    1.9196007740001733,
    2.0437790940000014,
    1.860344914000052,
    1.9227326959999118,
    1.9571126259997982,
    1.8658006420000675,
    1.8581748609999522,
    1.8548182200001975,
    1.8910724630000004
  ],
  "prusti-tests/tests/verify/pass/pure-fn/ref-mut-arg.rs": [
    2.6781348589997833,
    2.7678732439999294,
    2.7313521709997985,
    2.7090702079999573,
    2.6974663310002143,
    2.8218422629997804,
    2.854159892000098,
    2.7738354799998888,
    2.884165820000362,
    2.7834807979998004
  ],
  "prusti-tests/tests/verify/pass/rosetta/Ackermann_function.rs": [
    1.9572902669997347,
    1.9304779420003797,
    1.9264513919997626,
    1.9187093280002046,
    1.9806352260002313,
    1.9358179209998525,
    1.918589627000074,
    1.9508296999997583,
    1.9013763479997579,
    1.8952232729998286
  ],
  "prusti-tests/tests/verify/pass/rosetta/Heapsort.rs": [
    10.7596228780003,
    11.074087604999932,
    10.970524640999884,
    11.16524194900012,
    10.758942636000029,
    11.589014902000145,
    11.3072080740003,
    11.139691867000238,
    10.901289892000023,
    11.238731175999874
  ]
}