{
  "prusti-tests/tests/verify/pass/rosetta/Knuth_shuffle.rs": [
    2.2922655800000484,
    2.141202926999995,
    1.9988419829999202,
    1.9252494259999366,
    1.9432350119999455,
    1.935117327999933,
    1.933290004000014,
    1.9269489380000095,
    1.9113472769998907,
    1.9443497180000122
  ],
  "prusti-tests/tests/verify/pass/demos/account.rs": [
    1.7541425599999911,
    1.7579058989999794,
    1.753079249999928,
    1.7386090009999862,
    1.7438618549999774,
    1.776208999000005,
    1.7373986999999715,
    1.7728134649998992,
    1.7373495990000265,
    1.7302661200000102
  ],
  "prusti-tests/tests/verify/pass/rosetta/Knights_tour.rs": [
    101.7255209949999,
    99.63740917099994,
    103.28557663800007,
    96.97105835299999,
    97.0284675559999,
    101.97481074899997,
    98.24578694900015,
    96.44169256200007,
    98.51407427499998,
    103.36878231000014
  ],
  "prusti-tests/tests/verify/pass/quick/fold-unfold.rs": [
    1.1858101140001054,
    1.1977239370000916,
    1.178159333999929,
    1.1765947139999753,
    1.184093092000012,
    1.1746430949999649,
    1.1686311319999731,
    1.1621538660001534,
    1.1812969630000225,
    1.1693144299999858
  ],
  "prusti-tests/tests/verify/pass/quick/moves.rs": [
    1.439562098999886,
    1.4268511690002015,
    1.407887872999936,
    1.4087902829999166,
    1.409679492999885,
    1.4242536289998498,
    1.4065142429999469,
    1.4206803880001644,
    1.4166729480000413,
    1.4133228129999225
  ],
  "prusti-tests/tests/verify/pass/quick/mut-borrows.rs": [
    2.764493657999992,
    2.7914319080000496,
    2.7976726719998624,
    2.772984492999967,
    2.7379643700000997,
    2.7695198930000515,
    2.75531505500021,
    2.8032172519997403,
    2.7943287600000986,
    2.7736224579998634
  ],
  "prusti-tests/tests/verify/pass/quick/shared-borrows.rs": [
    1.7701290259997222,
    1.7744397709998339,
    1.7575616970002557,
    1.7638065520000055,
    1.7621012330000667,
    1.7652317659999426,
    1.7438146449999294,
    1.7508865100003277,
    1.7644408289997955,
    1.8015722109998933
  ],
  "prusti-tests/tests/verify/pass/quick/trait-contracts-refinement.rs": [
    1.5984474240003692,
    1.5599089279999134,
    1.5582111270000496,
    1.571391677000065,
    1.5348886009996932,
    1.5367408209999667,
    1.529024441999809,
    1.5854455210001106,
    1.6109727819998625,
    1.6039074089999303
  ],
  "prusti-tests/tests/verify/pass/quick/routes.rs": [
    4.813766140000098,
    4.424731674000213,
    4.237764965999759,
    4.209090002000266,
    4.285862702000031,
    4.267763027000001,
    4.2011199590001524,
    4.2672371570001815,
    4.190191657000014,
    4.130994643000122
  ],
  "prusti-tests/tests/verify/pass/quick/fibonacci.rs": [
    5.3151465779997125,
    5.311036202000196,
    5.3689732630000435,
    5.322206544999972,
    5.348249940999722,
    5.290421946000151,
    5.462698951999755,
    5.3186545160001515,
    5.28260335899995,
    5.3321292239998
  ],
  "prusti-tests/tests/verify/pass/pure-fn/len-lookup.rs": [
    3.1527987049998956,
    3.1778572500002156,
    3.097770216000299,
    3.139702345999922,
    3.0670204789998934,
    3.089818715000092,
    3.1020638929999222,
    3.109004430999903,
    3.1033079720000387,
    3.1313652669996372
  ],
  "prusti-tests/tests/verify/pass/pure-fn/quantifiers.rs": [
    1.9536645309999585,
    1.9573247690000244,
    1.941783009000119,
    1.9176884609996705,
    1.9138699220002309,
    1.9302836909996586,
    1.9123639170002207,
    1.9226188399998136,
    1.9429406489998655,
    1.8984402910000426
  ],
  "prusti-tests/tests/verify/pass/pure-fn/recursive-pure-fn.rs": [
    1.70232996499999,
    1.7138181649997932,
    1.7237358669999594,
    1.7086258119998092,
    1.7194265230000383,
    1.7212041519997001,
    1.705004800000097,
    1.6979872279998744,
    1.684347187000185,
    1.7127334799997698
  ],
  "prusti-tests/tests/verify/pass/pure-fn/ref-mut-arg.rs": [
    2.50810790200012,
    2.5440165019999768,
    2.4716694510002526,
    2.477069073000166,
    2.4959895459996915,
    2.5150283429998126,
    2.511658222999813,
    2.479161799999929,
    2.4824109349997343,
    2.487921323000137
  ],
  "prusti-tests/tests/verify/pass/rosetta/Ackermann_function.rs": [
    1.7392044970001734,
    1.7456471649998093,
    1.766203783999572,
    1.7521140339999874,
    1.7357568190000165,
    1.7432782320001934,
    1.7271932619996733,
    1.7380167759997676,
    1.714138128000286,
    1.7374285259998032
  ],
  "prusti-tests/tests/verify/pass/rosetta/Heapsort.rs": [
    9.653611000000183,
    9.512919611000143,
    9.556973409999955,
    9.61570619799977,
    9.648849409999912,
    9.65001127100004,
    9.590014343999883,
    9.510992951999924,
    9.716408726999816,
    9.610244362999765
  ]
}