{
  "prusti-tests/tests/verify/pass/rosetta/Knuth_shuffle.rs": [
    3.516201379999984,
    3.1827588409998953,
    3.054632574999914,
    3.0323313529997904,
    3.082201998000073,
    3.202484322999908,
    3.0756003559999954,
    3.0961060790000374,
    3.1270714539998608,
    2.9794711639999605
  ],
  "prusti-tests/tests/verify/pass/demos/account.rs": [
    2.5912788159998854,
    2.4903232990000106,
    2.6071904379998614,
    2.58272894300012,
    2.6730167900000197,
    2.6749902860001384,
    2.6452314780001416,
    2.6728579969999373,
    2.5385060439998597,
    2.6366163479999614
  ],
  "prusti-tests/tests/verify/pass/rosetta/Knights_tour.rs": [
    159.54646414700005,
    160.44404502199995,
    164.87368209200008,
    157.47544122599993,
    159.28886685899988,
    156.89187619599988,
    160.84156735600027,
    159.4608185709999,
    159.71894142500014,
    164.4024377400001
  ],
  "prusti-tests/tests/verify/pass/quick/fold-unfold.rs": [
    1.7272813280001174,
    1.8043239439998615,
    1.742650510999738,
    1.7693249550002292,
    1.8541697129999193,
    1.7065074170000116,
    1.7264012240002558,
    1.734567569000319,
    1.7180994800000917,
    1.7169746730000952
  ],
  "prusti-tests/tests/verify/pass/quick/moves.rs": [
    2.1585751590000655,
    2.125485881000259,
    2.000752707999709,
    2.0146741829998973,
    2.033613485999922,
    1.9965764859998671,
    2.0438682409999274,
    2.0707982869998887,
    2.129906705999929,
    2.092564204000155
  ],
  "prusti-tests/tests/verify/pass/quick/mut-borrows.rs": [
    4.165474401999745,
    4.349495197000124,
    4.2238493759996345,
    4.174957556000209,
    4.114389120999931,
    4.201707261000138,
    4.16667678199974,
    4.138506547999896,
    4.14783870600013,
    4.200569698999971
  ],
  "prusti-tests/tests/verify/pass/quick/shared-borrows.rs": [
    2.6574902370002746,
    2.726308814999811,
    2.7243550040002447,
    2.5796848310001224,
    2.7533699700002217,
    2.7096564349999426,
    2.7218337039998914,
    2.6349017430002277,
    2.645544800999687,
    2.577976040000067
  ],
  "prusti-tests/tests/verify/pass/quick/trait-contracts-refinement.rs": [
    2.364443297999969,
    2.4433764209998117,
    2.3537403400000585,
    2.314642435999758,
    2.482500437999988,
    2.4155003789996954,
    2.38661683600003,
    2.4470775999998295,
    2.4056915810001556,
    2.4804714760002753
  ],
  "prusti-tests/tests/verify/pass/quick/routes.rs": [
    7.277949543999966,
    6.998291754000093,
    6.967289260000143,
    6.951895928999875,
    6.776509844999964,
    6.833831536000162,
    6.642884401999709,
    6.875633362999906,
    6.703857194000193,
    7.128143433999867
  ],
  "prusti-tests/tests/verify/pass/quick/fibonacci.rs": [
    8.187828186999923,
    8.571356053999807,
    8.631798104000154,
    8.927146214999993,
    8.720673668000018,
    9.0104797529998,
    8.870847513999706,
    9.101408817999982,
    9.080987225000172,
    8.830288831999951
  ],
  "prusti-tests/tests/verify/pass/pure-fn/len-lookup.rs": [
    5.183029110000007,
    5.071332033999624,
    5.123684497999875,
    5.131475821000095,
    5.141574480000145,
    4.958740535000288,
    5.24884063799982,
    5.000583557000027,
    4.862100702000134,
    5.08306777100006
  ],
  "prusti-tests/tests/verify/pass/pure-fn/quantifiers.rs": [
    3.1298043350002445,
    3.106702715999745,
    3.1255556609999076,
    3.199894889999996,
    3.104459494999901,
    3.1850411699997494,
    3.148287079999591,
    2.953503404999992,
    3.1351785829997425,
    3.015057873999922
  ],
  "prusti-tests/tests/verify/pass/pure-fn/recursive-pure-fn.rs": [
    2.616994986000009,
    2.7229637720001847,
    2.7839195689998633,
    2.672186292999868,
    2.9704207699996914,
    2.65225858399981,
    2.7562459220002893,
    2.760950258000321,
    2.5843342130001474,
    2.676640742000018
  ],
  "prusti-tests/tests/verify/pass/pure-fn/ref-mut-arg.rs": [
    3.9417650440000216,
    4.009008827999878,
    4.131573279000349,
    3.9300308810002207,
    4.016236757000115,
    4.026984000000084,
    3.9237803460000578,
    3.8967967020003016,
    3.894053714000165,
    3.890709542999957
  ],
  "prusti-tests/tests/verify/pass/rosetta/Ackermann_function.rs": [
    2.709793308999906,
    2.737717707000229,
    2.7092992140001115,
    2.835011516999657,
    2.6042644710000786,
    2.665301336000084,
    2.7026647790003153,
    2.756667047999599,
    2.7695502729998225,
    2.651014925999789
  ],
  "prusti-tests/tests/verify/pass/rosetta/Heapsort.rs": [
    16.243168634000085,
    16.031807653000214,
    16.63017696299994,
    16.087725277000118,
    15.728706053000224,
    16.899239065000074,
    16.092200031000175,
    15.954282196999884,
    16.529700660000344,
    15.895025827999689
  ]
}