{
  "prusti-tests/tests/verify/pass/rosetta/Knuth_shuffle.rs": [
    2.5146378549999326,
    2.2870700830000033,
    2.4817632850000564,
    2.2265905790000033,
    2.246282087000054,
    2.2171549780000532,
    2.167116993000036,
    2.185825388000012,
    2.1405003390000275,
    2.181543761000057
  ],
  "prusti-tests/tests/verify/pass/demos/account.rs": [
    1.8616393550000794,
    1.9338697339999271,
    2.121081858000025,
    2.148289115999887,
    2.1557543149999674,
    2.1144344229999206,
    2.051609955999993,
    1.9713038560000768,
    1.9560677599999963,
    2.0682387289998587
  ],
  "prusti-tests/tests/verify/pass/rosetta/Knights_tour.rs": [
    120.85690800799989,
    120.60609494699997,
    117.907273025,
    121.18904641900008,
    113.72130283699994,
    119.54353325699981,
    113.89453544699995,
    110.10196288700013,
    107.58747691500002,
    111.0884921969996
  ],
  "prusti-tests/tests/verify/pass/quick/fold-unfold.rs": [
    1.2581211609999627,
    1.2781015590003335,
    1.3025369570000294,
    1.2711948589999338,
    1.3582755940001334,
    1.3242955800001255,
    1.3185714800001733,
    1.345747375999963,
    1.331439679000141,
    1.3194770800000697
  ],
  "prusti-tests/tests/verify/pass/quick/moves.rs": [
    1.5308125100000325,
    1.5333837299999686,
    1.5826963240001533,
    1.6398043170001984,
    1.5530309280002257,
    1.623884477000047,
    1.5007072379999045,
    1.5175882340004136,
    1.4459080510000604,
    1.4490892510002595
  ],
  "prusti-tests/tests/verify/pass/quick/mut-borrows.rs": [
    2.806895958000041,
    2.848023370000192,
    2.8677620649996243,
    2.7639150360000713,
    2.966939676000038,
    2.9110844880001423,
    2.9333820599999854,
    2.9236680620001607,
    2.9170949939998536,
    2.8779040529998383
  ],
  "prusti-tests/tests/verify/pass/quick/shared-borrows.rs": [
    1.9665680530001737,
    1.9174797689997831,
    1.9653494300000602,
    1.9858133070001713,
    1.9277943439997216,
    2.011142290999942,
    1.9972579579998637,
    1.9676000049998947,
    2.095663161000175,
    2.2258990139998787
  ],
  "prusti-tests/tests/verify/pass/quick/trait-contracts-refinement.rs": [
    1.9003357960000358,
    1.972995919999903,
    2.113821143000223,
    1.963695626000117,
    1.8340035920000446,
    1.790469352999935,
    1.8848111190000054,
    1.9191683059998468,
    1.9220513870000104,
    1.7742055300000175
  ],
  "prusti-tests/tests/verify/pass/quick/routes.rs": [
    4.965709922999849,
    4.979500826000276,
    4.706895540000005,
    4.600520102000246,
    5.098606053999902,
    5.497586286000114,
    5.489452935999907,
    5.427412322999771,
    5.494032875000357,
    4.952742540000145
  ],
  "prusti-tests/tests/verify/pass/quick/fibonacci.rs": [
    6.278998616000081,
    6.283550041000126,
    5.998948492000181,
    5.952400033999766,
    5.982131274000039,
    5.865904301000228,
    6.03497499399964,
    5.871818726999663,
    5.885096653999881,
    5.929918307000207
  ],
  "prusti-tests/tests/verify/pass/pure-fn/len-lookup.rs": [
    3.503527727999881,
    3.524469835000218,
    3.371517230000336,
    3.4687100920000375,
    3.4334008979999453,
    3.363573451999855,
    3.3975864520002688,
    3.3249535790000664,
    3.445780302000003,
    3.4378772179998123
  ],
  "prusti-tests/tests/verify/pass/pure-fn/quantifiers.rs": [
    2.141505706999851,
    2.1344586410000375,
    2.150206872000126,
    2.2608145529998183,
    2.1548181749999458,
    2.112916008999946,
    2.052732379999725,
    2.1468207060001987,
    2.081457488000069,
    2.136421098000028
  ],
  "prusti-tests/tests/verify/pass/pure-fn/recursive-pure-fn.rs": [
    1.8399126140002409,
    1.8012346030000117,
    1.8706864229998246,
    1.837441208999735,
    1.8395846660000643,
    1.8573592859997916,
    1.820998144999976,
    2.035185516999718,
    1.8359856349998154,
    1.898030419999941
  ],
  "prusti-tests/tests/verify/pass/pure-fn/ref-mut-arg.rs": [
    2.800306892000208,
    2.6301177459999963,
    2.6807769780002673,
    2.6575263839999934,
    2.704011928,
    2.6754739699999845,
    2.7434311520000847,
    2.7551266379996378,
    2.696733749000032,
    2.7371051369996167
  ],
  "prusti-tests/tests/verify/pass/rosetta/Ackermann_function.rs": [
    1.8697518729995863,
    1.9929075350000858,
    1.8869192649999604,
    1.89413536200027,
    1.9041235499998947,
    1.8965553369998815,
    1.907450334999794,
    1.9038168350002707,
    1.9205121240001972,
    1.9179326030002812
  ],
  "prusti-tests/tests/verify/pass/rosetta/Heapsort.rs": [
    11.436652735999814,
    11.247028397000122,
    11.03604926800017,
    11.094690147000165,
    11.298301280000032,
    11.30179974299972,
    11.381227489000139,
    11.091624688000138,
    11.256492206000075,
    11.08394146799992
  ]
}