{
  "prusti-tests/tests/verify/pass/rosetta/Knuth_shuffle.rs": [
    2.5079757739999877,
    2.124945638999975,
    2.0130929069999866,
    2.0045975099999396,
    2.0307484550000936,
    1.9911838349999016,
    2.00429942400001,
    1.9835140620000402,
    1.9933426829999235,
    1.9784033790000422
  ],
  "prusti-tests/tests/verify/pass/demos/account.rs": [
    1.7730158089999577,
    1.7879286659999707,
    1.7854044520000798,
    1.763818925999999,
    1.7810004259999914,
    1.747218963000023,
    1.7741987880000352,
    1.7800954110000475,
    1.7650378519999776,
    1.7661506570000256
  ],
  "prusti-tests/tests/verify/pass/rosetta/Knights_tour.rs": [
    111.37097853399996,
    115.6413877550001,
    109.0184128200001,
    106.85589281900002,
    108.45666362700013,
    106.49758422199989,
    102.61450301100012,
    108.64911999800006,
    106.11112858599995,
    107.99930621700014
  ],
  "prusti-tests/tests/verify/pass/quick/fold-unfold.rs": [
    1.172465203000229,
    1.173771108999972,
    1.168788186999791,
    1.1667643780001526,
    1.1606589499997426,
    1.1570771209999293,
    1.1546745919999921,
    1.160121822000292,
    1.171722182999929,
    1.1735220929999741
  ],
  "prusti-tests/tests/verify/pass/quick/moves.rs": [
    1.4122006729999157,
    1.4040490350002983,
    1.4191802379996261,
    1.4080281830001695,
    1.40998829199998,
    1.4136005099999238,
    1.408056882999972,
    1.406891185999939,
    1.4147269329996561,
    1.4086658040000657
  ],
  "prusti-tests/tests/verify/pass/quick/mut-borrows.rs": [
    2.784123638999972,
    2.7629499339996073,
    2.777043955999943,
    2.781807480000225,
    2.7906767609997587,
    2.7831655279996994,
    2.7653734350001287,
    2.788419689999955,
    2.789382499000112,
    2.773969619000127
  ],
  "prusti-tests/tests/verify/pass/quick/shared-borrows.rs": [
    1.7696235670000533,
    1.7707997309998973,
    1.7558397559996592,
    1.7437231930002781,
    1.7412970840000526,
    1.7416319289995954,
    1.759366719999889,
    1.7549229979999836,
    1.7548806969998623,
    1.7469045540001389
  ],
  "prusti-tests/tests/verify/pass/quick/trait-contracts-refinement.rs": [
    1.6114676669999426,
    1.5720667699997648,
    1.5632863250002629,
    1.5440235289997872,
    1.5427841929999886,
    1.5416981650000707,
    1.5454666979999274,
    1.5719067310001265,
    1.5456376990000535,
    1.54567742800009
  ],
  "prusti-tests/tests/verify/pass/quick/routes.rs": [
    4.705979728999864,
    4.379850099000123,
    4.273041521999858,
    4.2510005029998865,
    4.254394683999635,
    4.256523844000185,
    4.252865935000045,
    4.25617571299972,
    4.216555734999929,
    4.196591208999962
  ],
  "prusti-tests/tests/verify/pass/quick/fibonacci.rs": [
    5.372802960999707,
    5.353727758999867,
    5.336883369000134,
    5.330347381000138,
    5.346576873000231,
    5.330297516999963,
    5.303229898999689,
    5.373264248999931,
    5.297874014000172,
    5.284006003999821
  ],
  "prusti-tests/tests/verify/pass/pure-fn/len-lookup.rs": [
    3.1084188909999284,
    3.1162910180000836,
    3.108136419999937,
    3.072058574000039,
    3.0563519490001454,
    3.0817944100003842,
    3.093782031000046,
    3.132216752000204,
    3.095895111000118,
    3.094122286000129
  ],
  "prusti-tests/tests/verify/pass/pure-fn/quantifiers.rs": [
    1.9232832299999245,
    1.9334549650002373,
    1.9079272059998402,
    1.9117341450000822,
    1.9074050700000953,
    1.9145294429999922,
    1.9132483210000828,
    1.8755766990002485,
    1.9003979079998317,
    1.9023165540002083
  ],
  "prusti-tests/tests/verify/pass/pure-fn/recursive-pure-fn.rs": [
    1.7050252479998562,
    1.7111806989996694,
    1.711800908999976,
    1.702720135999698,
    1.6980543340000622,
    1.7099773190002452,
    1.6993054539998411,
    1.6917137979999097,
    1.701249168999766,
    1.6932080540000243
  ],
  "prusti-tests/tests/verify/pass/pure-fn/ref-mut-arg.rs": [
    2.532456832000207,
    2.499864953999804,
    2.4897773160000725,
    2.4939098770000783,
    2.5043422670000837,
    2.4907360390002395,
    2.495179205999648,
    2.489242717000252,
    2.4964912740001637,
    2.495406585999717
  ],
  "prusti-tests/tests/verify/pass/rosetta/Ackermann_function.rs": [
    1.7428039209999042,
    1.7522631900001215,
    1.7550463180000406,
    1.7293029419997765,
    1.7238526619998993,
    1.7277237189996413,
    1.7411615219998566,
    1.7511325260002195,
    1.7603440349998891,
    1.7394903399999748
  ],
  "prusti-tests/tests/verify/pass/rosetta/Heapsort.rs": [
    9.791795367999839,
    9.698952110999926,
    9.683742004000123,
    9.640678594999827,
    9.65332177099981,
    9.622344251999948,
    9.618276226000035,
    9.700156112000059,
    9.675796719000118,
    9.688772551000056
  ]
}