{
  "prusti-tests/tests/verify/pass/rosetta/Knuth_shuffle.rs": [
    2.830246777999946,
    2.609540397999808,
    2.535120903999996,
    2.4536615689999053,
    2.4307239139998273,
    2.4411440849999053,
    2.4223076209998453,
    2.4188656649998848,
    2.536831634000009,
    2.3946905379998498
  ],
  "prusti-tests/tests/verify/pass/demos/account.rs": [
    2.0735920950000946,
    2.142711040999984,
    2.1278598450001027,
    2.1565305950000493,
    2.156066082999814,
    2.1118299970000862,
    2.1901757840000755,
    2.255588805999878,
    2.1716937599999255,
    2.1362845569999536
  ],
  "prusti-tests/tests/verify/pass/rosetta/Knights_tour.rs": [
    134.89401413299993,
    134.85303328500004,
    131.94592387199987,
    130.0407191070001,
    131.61171996300004,
    132.71299715500004,
    135.09710766000012,
    133.56032010599984,
    130.4142963710001,
    137.32618505999972
  ],
  "prusti-tests/tests/verify/pass/quick/fold-unfold.rs": [
    1.495154353000089,
    1.4827645720001783,
    1.4941071470002498,
    1.4248825899999247,
    1.4393032539996966,
    1.4971210969997628,
    1.4272047389999898,
    1.4412849320001442,
    1.4479964759998438,
    1.466126495000026
  ],
  "prusti-tests/tests/verify/pass/quick/moves.rs": [
    1.7232302209999943,
    1.7602651039997,
    1.743159303000084,
    1.7017180580000968,
    1.7415704089999053,
    1.8121099640002285,
    1.7051690759999474,
    1.743568822999805,
    1.732562551999763,
    1.7220425460000115
  ],
  "prusti-tests/tests/verify/pass/quick/mut-borrows.rs": [
    3.4617781169999944,
    3.4478185179996217,
    3.4504515980001997,
    3.460845748000338,
    3.480544731000009,
    3.4236553939999794,
    3.452675802000158,
    3.4597804109998833,
    3.483247567000035,
    3.46397075699997
  ],
  "prusti-tests/tests/verify/pass/quick/shared-borrows.rs": [
    2.15424859299992,
    2.153073483999833,
    2.185590869000407,
    2.160349008999674,
    2.2552106069997535,
    2.1921625129998574,
    2.197459072000129,
    2.186649192999994,
    2.215467802999683,
    2.238027393000266
  ],
  "prusti-tests/tests/verify/pass/quick/trait-contracts-refinement.rs": [
    2.0558851210003013,
    2.049709679999978,
    1.986218850000114,
    2.0660428159999356,
    1.991471621999608,
    1.9939492389999032,
    1.969883672999913,
    2.0121818970001186,
    1.9822577439999804,
    2.0146711530001085
  ],
  "prusti-tests/tests/verify/pass/quick/routes.rs": [
    6.038797887000328,
    5.615915111000049,
    5.54642490399965,
    5.510087415999806,
    5.4816256659996725,
    5.5344306060001145,
    5.5105948169998555,
    5.499841586000002,
    5.4450281160002305,
    5.486081070999717
  ],
  "prusti-tests/tests/verify/pass/quick/fibonacci.rs": [
    7.036376854000082,
    6.797821540999848,
    7.065833870999995,
    6.929295678000017,
    6.909967808000147,
    6.766107981000005,
    6.769665654999699,
    6.76878361099989,
    6.660828235999816,
    6.757077395999659
  ],
  "prusti-tests/tests/verify/pass/pure-fn/len-lookup.rs": [
    3.789478835999944,
    3.9275953520000257,
    3.846847278000041,
    3.89666485700036,
    3.744430093000119,
    3.979979973999889,
    3.780675899000016,
    3.8547341309999865,
    3.787921947000086,
    3.8845391480003855
  ],
  "prusti-tests/tests/verify/pass/pure-fn/quantifiers.rs": [
    2.4571990710001046,
    2.374767348000205,
    2.3285765559999163,
    2.3757987670001057,
    2.3126800269997148,
    2.3287310309997338,
    2.3429961150000054,
    2.3860422580000886,
    2.3789417140001206,
    2.4888366959999075
  ],
  "prusti-tests/tests/verify/pass/pure-fn/recursive-pure-fn.rs": [
    2.1076951919999374,
    2.105683579000015,
    2.0833202369999526,
    2.075804325000263,
    2.064333413999975,
    2.0889273719999437,
    2.0513394310000876,
    2.117919988000267,
    2.074598867000077,
    2.051162019000003
  ],
  "prusti-tests/tests/verify/pass/pure-fn/ref-mut-arg.rs": [
    3.1740855459997874,
    3.1416330310003104,
    3.186380434000057,
    3.1816608809999707,
    3.0811647040000025,
    3.0917700760001026,
    3.0686736909997308,
    3.1099667079997744,
    3.011495338000259,
    3.087159889999839
  ],
  "prusti-tests/tests/verify/pass/rosetta/Ackermann_function.rs": [
    2.168628623999666,
    2.0766407119999712,
    2.0760070510000332,
    2.1683197580000524,
    2.105966248000186,
    2.0671712280000065,
    2.0793830289999278,
    2.0923832130001756,
    2.1409044259999064,
    2.202821714000038
  ],
  "prusti-tests/tests/verify/pass/rosetta/Heapsort.rs": [
    12.860009469000033,
    12.83758767900008,
    12.823374478000005,
    12.91876176300002,
    12.940851654000198,
    13.067840900999727,
    12.85591149899983,
    13.01917563699999,
    13.175649433000217,
    13.028753785999925
  ]
}