{
  "prusti-tests/tests/verify/pass/rosetta/Knuth_shuffle.rs": [
    2.6141725229999793,
    2.338422547999926,
    2.272925280000095,
    2.2983179640000344,
    2.2499468170000227,
    2.2422387619999427,
    2.2719117160000906,
    2.204797341000017,
    2.1951841720000402,
    2.2350103739998985
  ],
  "prusti-tests/tests/verify/pass/demos/account.rs": [
    2.0232030930000064,
    2.0249424060000365,
    2.033453366999993,
    2.0072533059999387,
    2.044059733999916,
    2.043218128000035,
    2.007547369000008,
    2.0247739590001856,
    2.001282895000031,
    2.0296678029999384
  ],
  "prusti-tests/tests/verify/pass/rosetta/Knights_tour.rs": [
    110.593572601,
    105.65553751800007,
    107.50154368099993,
    107.60734606400001,
    106.75050427500014,
    109.13002482000002,
    106.850884877,
    109.15588326400007,
    107.7738703,
    109.12487699300004
  ],
  "prusti-tests/tests/verify/pass/quick/fold-unfold.rs": [
    1.3650599789998523,
    1.337097698999969,
    1.336873898000249,
    1.3413874880002368,
    1.3547831989999395,
    1.3456538119999095,
    1.3210641780001424,
    1.3507824600001186,
    1.3162046319998808,
    1.3515638300000319
  ],
  "prusti-tests/tests/verify/pass/quick/moves.rs": [
    1.6261301250001452,
    1.6438201619998836,
    1.6283545420001246,
    1.6262287249996916,
    1.6333595679998325,
    1.6362818110001172,
    1.619550247999996,
    1.6300766049998856,
    1.611310795999998,
    1.6066963620000934
  ],
  "prusti-tests/tests/verify/pass/quick/mut-borrows.rs": [
    3.1754816440002287,
    3.1511362159999408,
    3.2115726879997055,
    3.222479624999778,
    3.2281936829999722,
    3.20144005200018,
    3.232729989999825,
    3.2306648369999493,
    3.217342078999991,
    3.203298071000063
  ],
  "prusti-tests/tests/verify/pass/quick/shared-borrows.rs": [
    2.0421912370002246,
    2.030593154000144,
    2.0181095650000316,
    2.012839643999996,
    2.0112441930000386,
    2.051544980000017,
    1.993230265999955,
    2.0189064619999044,
    2.0232545570002003,
    2.0216946460000145
  ],
  "prusti-tests/tests/verify/pass/quick/trait-contracts-refinement.rs": [
    1.7759275130001697,
    1.7877436599997054,
    1.7702982099999645,
    1.7944424790002813,
    1.8030917390001377,
    1.7991553870001553,
    1.7832509550003124,
    1.7828911520000474,
    1.778354520999983,
    1.7874478840003576
  ],
  "prusti-tests/tests/verify/pass/quick/routes.rs": [
    5.218427225000141,
    4.933684114999778,
    4.794458372999998,
    4.883570686999974,
    4.815960072000053,
    4.7615696220000245,
    4.798122521000096,
    4.8024740259998,
    4.793082075999791,
    4.7366891059996306
  ],
  "prusti-tests/tests/verify/pass/quick/fibonacci.rs": [
    6.098129462999623,
    6.050616880000234,
    6.0537986909998835,
    6.052059953000025,
    5.974004863000118,
    6.009635797000101,
    6.043136581999988,
    6.069808973999898,
    6.11858714500022,
    6.12986015999968
  ],
  "prusti-tests/tests/verify/pass/pure-fn/len-lookup.rs": [
    3.5860853460003455,
    3.6057950399999754,
    3.5780979549999756,
    3.558349644000373,
    3.5171999989997857,
    3.56130634200008,
    3.546007480999833,
    3.5914376159998938,
    3.5778862259999187,
    3.5591412010003296
  ],
  "prusti-tests/tests/verify/pass/pure-fn/quantifiers.rs": [
    2.179242497999894,
    2.1843990600000325,
    2.175073209999937,
    2.2258043050001106,
    2.181107154000074,
    2.1929849359999025,
    2.1851015810002536,
    2.1798903580001934,
    2.2068423480000092,
    2.1940563610000936
  ],
  "prusti-tests/tests/verify/pass/pure-fn/recursive-pure-fn.rs": [
    1.9751263680000193,
    1.9271008870000514,
    1.9631125390001216,
    1.9139387019999958,
    1.9363439550002113,
    1.949275523000324,
    1.9199064449999241,
    1.9689804839999852,
    1.9456925230001616,
    1.981856787000197
  ],
  "prusti-tests/tests/verify/pass/pure-fn/ref-mut-arg.rs": [
    2.8516635249998217,
    2.831399684000189,
    2.8182177749999937,
    2.8550326429999586,
    2.8763497940003617,
    2.8723817840000265,
    2.8684324220002964,
    2.8509869210001852,
    2.8276734579999356,
    2.8185440889997153
  ],
  "prusti-tests/tests/verify/pass/rosetta/Ackermann_function.rs": [
    1.9857988290000321,
    1.994996901000377,
    1.9904747129999123,
    1.9814551509998637,
    1.9818331540000145,
    1.9652559450000808,
    1.9958451959996637,
    1.9854147179999018,
    1.9987312169996585,
    1.9812439370002721
  ],
  "prusti-tests/tests/verify/pass/rosetta/Heapsort.rs": [
    10.83518429600008,
    10.868914695000058,
    10.857000063000214,
    10.826673563999975,
    10.930971917000079,
    10.914989775999857,
    10.775642806000178,
    11.047695629999907,
    11.06948820000025,
    11.01134507200004
  ]
}