{
  "prusti-tests/tests/verify/pass/rosetta/Knuth_shuffle.rs": [
    2.2190102729999808,
    1.8820977340000127,
    1.8852759349999815,
    1.914050755000062,
    1.8285262950000742,
    1.8622377200000528,
    1.8560213169999997,
    1.8451933080000344,
    1.8263724949999869,
    1.8021962799999756
  ],
  "prusti-tests/tests/verify/pass/demos/account.rs": [
    1.6496228749999773,
    1.6857289009999477,
    1.6408455689999073,
    1.6455083719999948,
    1.663802793000059,
    1.6513134909999962,
    1.6516787919999842,
    1.6867058170000746,
    1.6286306750000676,
    1.6611065209999651
  ],
  "prusti-tests/tests/verify/pass/rosetta/Knights_tour.rs": [
    96.29225602400004,
    93.63738776800005,
    93.6572756359999,
    94.07163494799988,
    94.80677641900002,
    93.47869909399992,
    92.23909665199994,
    96.33042973800002,
    94.97173181100015,
    92.07769167700008
  ],
  "prusti-tests/tests/verify/pass/quick/fold-unfold.rs": [
    1.1333021100001588,
    1.110919087999946,
    1.110718289000033,
    1.1072191880000446,
    1.1237299199999597,
    1.1060657049999918,
    1.0958761970000523,
    1.1017710010000883,
    1.1084016070001326,
    1.1049187660000825
  ],
  "prusti-tests/tests/verify/pass/quick/moves.rs": [
    1.3386324309999509,
    1.3390010849998362,
    1.3405003860000306,
    1.3368732839999211,
    1.340205386999969,
    1.3555926550000095,
    1.3339198430001034,
    1.3463862510000126,
    1.347889751999901,
    1.3305968409999878
  ],
  "prusti-tests/tests/verify/pass/quick/mut-borrows.rs": [
    2.623153205000108,
    2.614398046999895,
    2.6302152599998863,
    2.625488366000127,
    2.617948512000112,
    2.6224855240000124,
    2.6180056139999124,
    2.6261853230000725,
    2.618015497999977,
    2.6051771540001027
  ],
  "prusti-tests/tests/verify/pass/quick/shared-borrows.rs": [
    1.649173694999945,
    1.6623358200001803,
    1.6779228730001705,
    1.6642906240001594,
    1.6551772709999568,
    1.6539298220000092,
    1.656510025999978,
    1.6658890369999426,
    1.6623654329998772,
    1.6600649790000261
  ],
  "prusti-tests/tests/verify/pass/quick/trait-contracts-refinement.rs": [
    1.5095228909999605,
    1.4673405329999696,
    1.4798068499999317,
    1.4676579329998276,
    1.4570004199999858,
    1.4497557380000217,
    1.4550301680001212,
    1.4605423010000322,
    1.4441018049999457,
    1.4670074260000092
  ],
  "prusti-tests/tests/verify/pass/quick/routes.rs": [
    4.298434753000038,
    4.103470179999931,
    3.9875847389998853,
    3.9930979010000556,
    3.9963193900000533,
    3.9944365879998713,
    3.9185998979999113,
    3.9862580669998806,
    3.939315595999915,
    3.9404911859999174
  ],
  "prusti-tests/tests/verify/pass/quick/fibonacci.rs": [
    4.978488712999933,
    4.955077225999958,
    4.995495710999876,
    4.994089708000047,
    4.970758974000091,
    4.940525156000149,
    4.9399815270001,
    4.978709905999949,
    4.970077629999878,
    4.969880580000108
  ],
  "prusti-tests/tests/verify/pass/pure-fn/len-lookup.rs": [
    2.925437828999975,
    2.9337865479999437,
    2.911516656999993,
    2.8965508470000714,
    2.904929372999959,
    2.9064415459999964,
    2.9006728179999755,
    2.89957174999995,
    2.8903567689999363,
    2.8965256879998833
  ],
  "prusti-tests/tests/verify/pass/pure-fn/quantifiers.rs": [
    1.800334217999989,
    1.7764319670000077,
    1.7770557690000715,
    1.7765795669999989,
    1.7763113319999775,
    1.7922188839997943,
    1.7785323979999248,
    1.7625570590000734,
    1.7739277939999738,
    1.7882570540000415
  ],
  "prusti-tests/tests/verify/pass/pure-fn/recursive-pure-fn.rs": [
    1.6034379420000278,
    1.5798770979999972,
    1.5861429680001038,
    1.583360096999968,
    1.5855466860000433,
    1.5924437520000083,
    1.577110212999969,
    1.5883567420000873,
    1.5881100419999257,
    1.5807443150001745
  ],
  "prusti-tests/tests/verify/pass/pure-fn/ref-mut-arg.rs": [
    2.3398694350000824,
    2.3140722420000657,
    2.3091065690000505,
    2.3148015990000204,
    2.318025948000013,
    2.3169608450000396,
    2.3094987570000285,
    2.3153124670000125,
    2.3148483659999783,
    2.3043390750001436
  ],
  "prusti-tests/tests/verify/pass/rosetta/Ackermann_function.rs": [
    1.651050626000142,
    1.6336868639998556,
    1.653505709000001,
    1.6291694530000314,
    1.6361668659999395,
    1.630752259000019,
    1.6318866159999743,
    1.6522785619999922,
    1.6444542439999168,
    1.6380886819997613
  ],
  "prusti-tests/tests/verify/pass/rosetta/Heapsort.rs": [
    9.217359106000004,
    9.19702354400033,
    9.044033798000328,
    9.045663170000353,
    9.085890883999582,
    9.19689634999986,
    9.148541064000256,
    9.041838879000352,
    9.106921922999845,
    9.110999540999728
  ]
}