{
  "prusti-tests/tests/verify/pass/rosetta/Knuth_shuffle.rs": [
    3.0126578679999056,
    2.563034094999921,
    2.543144448000021,
    2.575266559999818,
    2.4624351389998083,
    2.4981945279998854,
    2.5340144519998375,
    2.493580651000002,
    2.5132249680000314,
    2.4397232679998524
  ],
  "prusti-tests/tests/verify/pass/demos/account.rs": [
    2.1780904100000953,
    2.235222310000154,
    2.171941914999934,
    2.169947989000093,
    2.2108822119998877,
    2.201551553000172,
    2.1247912129999804,
    2.2264019579999967,
    2.1421985360000235,
    2.1583562120001716
  ],
  "prusti-tests/tests/verify/pass/rosetta/Knights_tour.rs": [
    128.91507701199998,
    128.105767044,
    128.06284763099984,
    126.00836852700013,
    124.75821753600007,
    124.75817868000013,
    124.64879693900002,
    129.00394048499993,
    128.7944467760003,
    126.9181648079998
  ],
  "prusti-tests/tests/verify/pass/quick/fold-unfold.rs": [
    1.446988139000041,
    1.4145748280002408,
    1.4912678059999962,
    1.4402483559997563,
    1.4180113720003646,
    1.4388845380003659,
    1.417995585999961,
    1.4528590750001058,
    1.4338248630001544,
    1.432046641999932
  ],
  "prusti-tests/tests/verify/pass/quick/moves.rs": [
    1.7209739059999265,
    1.7371292009997887,
    1.7797533319999275,
    1.716067028999987,
    1.7382500089997848,
    1.7922995389999414,
    1.7444992629998524,
    1.751399149000008,
    1.7475750009998592,
    1.7397374030001629
  ],
  "prusti-tests/tests/verify/pass/quick/mut-borrows.rs": [
    3.46269376500004,
    3.479775043000245,
    3.4709440699998595,
    3.390873751000072,
    3.4524786330002826,
    3.412778241000069,
    3.407633374999932,
    3.3712594549997448,
    3.445197994999944,
    3.595160291999946
  ],
  "prusti-tests/tests/verify/pass/quick/shared-borrows.rs": [
    2.143789427000229,
    2.1984650190001958,
    2.153196843999922,
    2.1595857180000166,
    2.2152147209999384,
    2.1907613119997222,
    2.130242742000064,
    2.1248225069998625,
    2.1717315969999618,
    2.197554220999791
  ],
  "prusti-tests/tests/verify/pass/quick/trait-contracts-refinement.rs": [
    1.9998735620001753,
    1.9774715829998968,
    1.9362923650000994,
    1.9353228529998887,
    2.030924697000046,
    1.996131025000068,
    2.005786844999875,
    1.9341854520002926,
    1.9793632380001327,
    1.9615769479996743
  ],
  "prusti-tests/tests/verify/pass/quick/routes.rs": [
    5.805154060999939,
    5.620461595000052,
    5.613499525999941,
    5.389575725999748,
    5.496660747999613,
    5.390941848999773,
    5.410449998999866,
    5.416829538000002,
    5.500282900000002,
    5.527331092000168
  ],
  "prusti-tests/tests/verify/pass/quick/fibonacci.rs": [
    6.773644648999834,
    6.741396138999789,
    6.8558968849997655,
    6.780216785999983,
    6.876487052000357,
    6.702148494999619,
    6.733434601000226,
    6.844128055000056,
    6.822271522000392,
    6.728916170999582
  ],
  "prusti-tests/tests/verify/pass/pure-fn/len-lookup.rs": [
    3.891582078999818,
    3.873709340000005,
    3.9097082379998938,
    4.094184394999957,
    4.04493097600016,
    4.04167793500028,
    3.9623545489998833,
    3.9974040970000715,
    3.9757583300001897,
    4.0383498189999045
  ],
  "prusti-tests/tests/verify/pass/pure-fn/quantifiers.rs": [
    2.5116431419996843,
    2.461970311999721,
    2.5501063189999513,
    2.424784852999892,
    2.4206681979999303,
    2.391147825000189,
    2.401964761999807,
    2.4770888429998195,
    2.418898082999931,
    2.4046183030000066
  ],
  "prusti-tests/tests/verify/pass/pure-fn/recursive-pure-fn.rs": [
    2.174494056000185,
    2.1519607660002293,
    2.107849508000072,
    2.2092481919999045,
    2.15711243800024,
    2.1366575269998975,
    2.1222492460001376,
    2.269169697000052,
    2.1731227159998525,
    2.2197314979998737
  ],
  "prusti-tests/tests/verify/pass/pure-fn/ref-mut-arg.rs": [
    3.32262886000035,
    3.27598628800024,
    3.3856157690001965,
    3.3049205190000066,
    3.323481412000092,
    3.3185803530000157,
    3.2634449950001,
    3.0671691279999322,
    3.1333735610000986,
    3.1543996259997584
  ],
  "prusti-tests/tests/verify/pass/rosetta/Ackermann_function.rs": [
    2.1496867040000325,
    2.1724876940002105,
    2.1770178540000416,
    2.166393621000225,
    2.287050537000141,
    2.192827860000307,
    2.2698549280003135,
    2.2281355039999653,
    2.2394529430002876,
    2.180481095000232
  ],
  "prusti-tests/tests/verify/pass/rosetta/Heapsort.rs": [
    13.306646131999969,
    13.196725071999936,
    13.121996048000256,
    12.987496618000023,
    13.113772128000164,
    12.773237875000177,
    13.221298014999775,
    12.792420637000305,
    12.953699051000058,
    12.960053236000022
  ]
}