{
  "prusti-tests/tests/verify/pass/rosetta/Knuth_shuffle.rs": [
    2.775379193000049,
    2.447428053000067,
    2.4389391199999864,
    2.3717988139999306,
    2.344257121000055,
    2.3535245900000064,
    2.287362089999988,
    2.3179902520000724,
    2.380069904999914,
    2.3246979660000306
  ],
  "prusti-tests/tests/verify/pass/demos/account.rs": [
    2.1671693800000185,
    2.100000609999938,
    2.1667185530000097,
    2.1454900109999926,
    2.142517656999985,
    2.164255729000047,
    2.1635605900000883,
    2.1630181919999814,
    2.1414624709998407,
    2.072552330999997
  ],
  "prusti-tests/tests/verify/pass/rosetta/Knights_tour.rs": [
    115.19457415800002,
    110.00567370900012,
    110.12294261399984,
    110.29405018000011,
    114.01073715999996,
    116.31776581900021,
    116.26944221100007,
    115.01988425500008,
    112.5780275919999,
    113.94976979700004
  ],
  "prusti-tests/tests/verify/pass/quick/fold-unfold.rs": [
    1.4677255240003433,
    1.3937499230000867,
    1.355330789999698,
    1.3667026509997413,
    1.3948643769999762,
    1.3756300570003077,
    1.3852374150001197,
    1.4084196629996768,
    1.4437783179996586,
    1.4366224919999695
  ],
  "prusti-tests/tests/verify/pass/quick/moves.rs": [
    1.696937053000056,
    1.6669379120003214,
    1.7378589300001295,
    1.7048787150001772,
    1.7131083350000154,
    1.7127250990001812,
    1.679326453000158,
    1.6848470740001176,
    1.649098691999825,
    1.6868792939999366
  ],
  "prusti-tests/tests/verify/pass/quick/mut-borrows.rs": [
    3.301939224999842,
    3.3358821980000357,
    3.375042657999984,
    3.3605722060001426,
    3.351603714999783,
    3.3320296830002007,
    3.3447669990000577,
    3.390018693000002,
    3.312625191999814,
    3.3875304719999804
  ],
  "prusti-tests/tests/verify/pass/quick/shared-borrows.rs": [
    2.088195283999994,
    2.1230001040003117,
    2.098442686999988,
    2.116008718000103,
    2.0872220470000684,
    2.1303678520002904,
    2.102600648999669,
    2.113661855999908,
    2.1010322209999686,
    2.1018394689999695
  ],
  "prusti-tests/tests/verify/pass/quick/trait-contracts-refinement.rs": [
    1.9566267290001633,
    1.8779240549997667,
    1.8843069260001357,
    1.862751073000254,
    1.8178544369998235,
    1.7934812469998178,
    1.7907811899999615,
    1.8807020959998226,
    1.8479395709996425,
    1.826837089000037
  ],
  "prusti-tests/tests/verify/pass/quick/routes.rs": [
    5.638872272000299,
    5.192117230000349,
    5.129307339000206,
    5.085792192000099,
    4.943108429000404,
    5.023723651999717,
    5.020804282999961,
    5.1520178420000775,
    5.102481026999612,
    5.195660975999999
  ],
  "prusti-tests/tests/verify/pass/quick/fibonacci.rs": [
    6.537198986999556,
    6.399711736999961,
    6.451015122999706,
    6.461321308999686,
    6.414250572000128,
    6.304038829000092,
    6.279840526000044,
    6.467215518000103,
    6.384886723999898,
    6.314423433000229
  ],
  "prusti-tests/tests/verify/pass/pure-fn/len-lookup.rs": [
    3.8054721410003367,
    3.7787664440002118,
    3.836674050000056,
    3.7583728919998975,
    3.8128781880000133,
    3.7779256359999636,
    3.7056823430002623,
    3.7207042,
    3.8423511680002775,
    3.781016407000152
  ],
  "prusti-tests/tests/verify/pass/pure-fn/quantifiers.rs": [
    2.3737336700000924,
    2.331224500999724,
    2.2966468230001738,
    2.2986965430000055,
    2.2812644299997373,
    2.3591798400002517,
    2.320269468999868,
    2.3076674369999637,
    2.321710368999902,
    2.321024603999831
  ],
  "prusti-tests/tests/verify/pass/pure-fn/recursive-pure-fn.rs": [
    2.058239830000275,
    2.0626804879998417,
    2.0439359540000623,
    2.0601408520001314,
    2.0583962509999765,
    2.0830371769998237,
    2.076477015999899,
    2.0757872310000494,
    2.0797726599998896,
    2.099989725999876
  ],
  "prusti-tests/tests/verify/pass/pure-fn/ref-mut-arg.rs": [
    3.01346291200025,
    3.033370793999893,
    2.982117414000186,
    3.0614275310003904,
    3.0154996659998687,
    2.979299539999829,
    3.0125573360001,
    3.0318189559998245,
    3.083094600000095,
    3.011254409999765
  ],
  "prusti-tests/tests/verify/pass/rosetta/Ackermann_function.rs": [
    2.1783409739996387,
    2.0847613699997964,
    2.132728538000265,
    2.1680072880003536,
    2.0936655670002438,
    2.087342816000273,
    2.137760746999902,
    2.1024947960004283,
    2.151071021000007,
    2.1445565489998444
  ],
  "prusti-tests/tests/verify/pass/rosetta/Heapsort.rs": [
    11.647612334999849,
    11.576027877999877,
    11.762764891999723,
    11.612487796000096,
    11.654581324999981,
    11.752672390000043,
    11.67878151900004,
    11.690883604999726,
    11.61982114600005,
    11.620363025999723
  ]
}