{
  "prusti-tests/tests/verify/pass/rosetta/Knuth_shuffle.rs": [
    2.6689634350000233,
    2.382140000999925,
    2.3835367340000175,
    2.3302883199999087,
    2.416892844999893,
    2.298120203000053,
    2.3423527279999234,
    2.2303947529999277,
    2.3890645099997982,
    2.3642213989999163
  ],
  "prusti-tests/tests/verify/pass/demos/account.rs": [
    2.0263949600000615,
    1.9417065470001944,
    1.9281015640001442,
    1.992871106000166,
    2.003954969000006,
    2.070705751999867,
    2.1142068730000574,
    2.162252777000049,
    2.101298302000032,
    2.1132338750001054
  ],
  "prusti-tests/tests/verify/pass/rosetta/Knights_tour.rs": [
    122.64688697099996,
    123.81004202899999,
    123.95244073200001,
    122.50972896099984,
    125.12726758899998,
    120.17926392499999,
    128.94748462300004,
    122.46707675399989,
    122.2839731869999,
    124.54924690899998
  ],
  "prusti-tests/tests/verify/pass/quick/fold-unfold.rs": [
    1.3803592379999827,
    1.3743798020000213,
    1.4046755839999605,
    1.3805926390000423,
    1.3726091869998527,
    1.4151677240001845,
    1.3780292030000965,
    1.4161485300001004,
    1.3742063800000324,
    1.3266944970000623
  ],
  "prusti-tests/tests/verify/pass/quick/moves.rs": [
    1.6783948829997826,
    1.6110038740002892,
    1.619566224999744,
    1.5259510689998024,
    1.6053023399999802,
    1.6837042950000978,
    1.7584873269997843,
    1.6752781340001093,
    1.5824669829999038,
    1.6089153399998395
  ],
  "prusti-tests/tests/verify/pass/quick/mut-borrows.rs": [
    3.2471084369999517,
    3.119263076000152,
    3.3589380949997576,
    3.288445074000265,
    3.3993507310001405,
    3.284050345000196,
    3.263781225999992,
    3.3788209919998735,
    3.228726990999803,
    3.287498504999803
  ],
  "prusti-tests/tests/verify/pass/quick/shared-borrows.rs": [
    1.9703708429997278,
    2.0254172429999926,
    2.0233130319998054,
    2.0699852970001302,
    1.9782787750000352,
    1.966080404999957,
    1.906858763999935,
    1.9936165039998741,
    1.9770568369999637,
    2.0405590410000514
  ],
  "prusti-tests/tests/verify/pass/quick/trait-contracts-refinement.rs": [
    2.0057632390003164,
    1.9105822370001988,
    1.7981981169996288,
    1.9181548050000856,
    1.8557457469996734,
    1.8231944600001952,
    1.802557287000127,
    1.8419623899999351,
    1.7803979400000571,
    1.7457494430000224
  ],
  "prusti-tests/tests/verify/pass/quick/routes.rs": [
    5.4137239199999385,
    5.048273650999818,
    5.01922903600007,
    5.06204784900001,
    5.2063809679998485,
    5.362742648999756,
    5.20187241099984,
    5.247828380000101,
    5.378220774000056,
    5.2903568820001965
  ],
  "prusti-tests/tests/verify/pass/quick/fibonacci.rs": [
    6.880931411999882,
    6.816155787999833,
    6.291361711000263,
    6.207608811000227,
    6.601222404000055,
    6.423507564999909,
    6.256036110999958,
    6.3848287420000815,
    6.564326032000281,
    6.288154539000061
  ],
  "prusti-tests/tests/verify/pass/pure-fn/len-lookup.rs": [
    3.6720626860001175,
    3.6668010580001464,
    3.746133193999867,
    3.7034298029998354,
    3.818287204999706,
    3.5451098140001704,
    3.8171858079999765,
    3.754307443000016,
    3.647404811999877,
    3.736397403999945
  ],
  "prusti-tests/tests/verify/pass/pure-fn/quantifiers.rs": [
    2.365752508999776,
    2.2546560559999307,
    2.2996196209996924,
    2.473004198000126,
    2.423758751999685,
    2.3345104199997877,
    2.278492063000158,
    2.252012315000229,
    2.287097727999935,
    2.3141060910002125
  ],
  "prusti-tests/tests/verify/pass/pure-fn/recursive-pure-fn.rs": [
    1.9773448490000192,
    1.9710799109998334,
    2.0787996610001755,
    1.9980675730002986,
    2.0051496270002644,
    2.013982257999942,
    2.0144420609999543,
    1.9773880409998128,
    1.9535834339999383,
    2.021367026000007
  ],
  "prusti-tests/tests/verify/pass/pure-fn/ref-mut-arg.rs": [
    2.960743868999998,
    3.028725611000027,
    2.930127825999989,
    3.060007102000327,
    2.909435140000369,
    2.9727765849997922,
    2.9333763469999212,
    2.910456606000025,
    3.04936391199999,
    3.0123519889998533
  ],
  "prusti-tests/tests/verify/pass/rosetta/Ackermann_function.rs": [
    2.0865876259999823,
    2.055304127999989,
    2.0018872159998864,
    2.1140693259999352,
    2.067606220000016,
    2.076104406000013,
    2.0520397660002345,
    2.006182901000102,
    1.9900611979996938,
    1.983670661999895
  ],
  "prusti-tests/tests/verify/pass/rosetta/Heapsort.rs": [
    12.054454051999983,
    12.837864308000007,
    12.398171411000021,
    12.07342864500015,
    12.045741629000077,
    12.518106310000348,
    12.141932711999743,
    12.157737876999818,
    12.391121204000228,
    12.409973577000073
  ]
}