{
  "prusti-tests/tests/verify/pass/rosetta/Knuth_shuffle.rs": [
    2.23663354100006,
    1.977216148000025,
    1.980952521000063,
    1.898650476000057,
    1.9248045130000264,
    1.9043736589999298,
    1.915662709000003,
    1.8819640030000073,
    1.8887590640000553,
    1.9233076680000067
  ],
  "prusti-tests/tests/verify/pass/demos/account.rs": [
    1.723721611999963,
    1.710939596000003,
    1.712446608999926,
    1.6999512959999947,
    1.7094848629999433,
    1.6739845209999658,
    1.6925726920001125,
    1.7284310930000402,
    1.6938665790000869,
    1.6782033969999475
  ],
  "prusti-tests/tests/verify/pass/rosetta/Knights_tour.rs": [
    100.11100139999996,
    101.65632616800008,
    98.90314550100015,
    98.79873894899993,
    100.21961292700007,
    99.27417385599983,
    99.59421212500001,
    104.31663154700004,
    100.789239963,
    99.21581237400005
  ],
  "prusti-tests/tests/verify/pass/quick/fold-unfold.rs": [
    1.151840319999792,
    1.136133776999941,
    1.1589678860000276,
    1.1474630809998416,
    1.138340879999987,
    1.1470304059998853,
    1.1411348509998334,
    1.1302090500000759,
    1.1506625399999848,
    1.1458931960000882
  ],
  "prusti-tests/tests/verify/pass/quick/moves.rs": [
    1.3676194449999457,
    1.3624150000000554,
    1.3699284049998823,
    1.367326180999953,
    1.3721828269999605,
    1.379041190999942,
    1.367102677000048,
    1.3625883059999069,
    1.3752179230000365,
    1.3666948439999942
  ],
  "prusti-tests/tests/verify/pass/quick/mut-borrows.rs": [
    2.664337049999858,
    2.670681909999985,
    2.670584824999878,
    2.6752870669999993,
    2.671022389999962,
    2.6824760629999673,
    2.7034961560000283,
    2.6881177610000577,
    2.696623154000008,
    2.6606282210000245
  ],
  "prusti-tests/tests/verify/pass/quick/shared-borrows.rs": [
    1.7007606879999457,
    1.6970879550001428,
    1.7126673029999893,
    1.7438743999998678,
    1.7004932879999615,
    1.6980401429998437,
    1.7374078329999065,
    1.7187494790000528,
    1.7317628220000643,
    1.7133028529999592
  ],
  "prusti-tests/tests/verify/pass/quick/trait-contracts-refinement.rs": [
    1.561206392000031,
    1.5164333339998848,
    1.51220117999992,
    1.515728265000007,
    1.5168782989999272,
    1.5322569799998291,
    1.5039108820001275,
    1.5168163309999727,
    1.5123826849999205,
    1.5093051530000139
  ],
  "prusti-tests/tests/verify/pass/quick/routes.rs": [
    4.4172486569998455,
    4.326947854000082,
    4.125935092999953,
    4.065875087999984,
    4.113882499999818,
    4.115202995000118,
    4.095460284999945,
    4.073386184000128,
    4.056151294999836,
    4.091637797999965
  ],
  "prusti-tests/tests/verify/pass/quick/fibonacci.rs": [
    5.1906277370001135,
    5.1717869530002645,
    5.179685989000063,
    5.176118668000072,
    5.156287204999899,
    5.1569290980000915,
    5.139990072000273,
    5.137135493999722,
    5.119861981000213,
    5.147448375999829
  ],
  "prusti-tests/tests/verify/pass/pure-fn/len-lookup.rs": [
    3.022705070000029,
    3.0240710820003187,
    2.9962918530000024,
    2.9764685559998725,
    2.980447525999807,
    3.0145856229996753,
    3.011503514999731,
    3.0040810559999045,
    3.0499921010000435,
    2.9913558490002288
  ],
  "prusti-tests/tests/verify/pass/pure-fn/quantifiers.rs": [
    1.8691753369998878,
    1.8343727139999828,
    1.8454989819997536,
    1.837602865000008,
    1.8524202039998272,
    1.8505819849997351,
    1.8508738890000132,
    1.8477381059997242,
    1.8504327850000664,
    1.8610471890001463
  ],
  "prusti-tests/tests/verify/pass/pure-fn/recursive-pure-fn.rs": [
    1.6524938499997006,
    1.6483888100001423,
    1.6400902219997988,
    1.6418482140002197,
    1.6489267799997833,
    1.6505132950001098,
    1.6367875639998601,
    1.6385337609999624,
    1.63529853,
    1.638133956999809
  ],
  "prusti-tests/tests/verify/pass/pure-fn/ref-mut-arg.rs": [
    2.4401771770003506,
    2.411780986999929,
    2.4181529849997787,
    2.402434830999937,
    2.4105634429997735,
    2.4032134789999873,
    2.481147831999806,
    2.401116608999928,
    2.40967863700007,
    2.431725954000285
  ],
  "prusti-tests/tests/verify/pass/rosetta/Ackermann_function.rs": [
    1.7099964730000465,
    1.7024041250001574,
    1.7088199270001496,
    1.721257960999992,
    1.7025554589999956,
    1.6878762010001083,
    1.696235685999909,
    1.7083726250002655,
    1.70509309199997,
    1.7187432300002001
  ],
  "prusti-tests/tests/verify/pass/rosetta/Heapsort.rs": [
    9.667691505999755,
    9.65193725600011,
    9.626236130000052,
    9.621523340000294,
    9.499498961999961,
    9.560481464000077,
    9.676125117000083,
    9.597455187999913,
    9.676010415999826,
    9.564954567999848
  ]
}