{
  "prusti-tests/tests/verify/pass/rosetta/Knuth_shuffle.rs": [
    2.7359597040001518,
    2.451363420000007,
    2.405029988999786,
    2.4051907389998632,
    2.322355921999815,
    2.3885967590001655,
    2.4025036139998974,
    2.336358065000013,
    2.3288816330000373,
    2.3953737409999576
  ],
  "prusti-tests/tests/verify/pass/demos/account.rs": [
    2.127248598000051,
    2.140818927000055,
    2.1430452499998864,
    2.114161071999888,
    2.1929558200001793,
    2.1441773249998732,
    2.159015995000118,
    2.2226275919999807,
    2.117080845999908,
    2.1852161500000875
  ],
  "prusti-tests/tests/verify/pass/rosetta/Knights_tour.rs": [
    122.10474045399997,
    116.55185576600002,
    117.99792867099995,
    121.80647294100004,
    118.70131770800003,
    121.410655292,
    115.52964334499984,
    118.23256767599992,
    120.44071842100016,
    119.7566229729996
  ],
  "prusti-tests/tests/verify/pass/quick/fold-unfold.rs": [
    1.4203960869999719,
    1.4451518269997905,
    1.4057050349997553,
    1.4453828480000084,
    1.4322687640001277,
    1.4247100819998195,
    1.417168201000095,
    1.4110240469999553,
    1.4760762480000267,
    1.4345744309998736
  ],
  "prusti-tests/tests/verify/pass/quick/moves.rs": [
    1.7010807569999997,
    1.6701153650001288,
    1.7313313840004412,
    1.7295357790003436,
    1.74722422800005,
    1.7754516420000073,
    1.7144254060003732,
    1.6962986919998002,
    1.7120371070000147,
    1.7244249729997136
  ],
  "prusti-tests/tests/verify/pass/quick/mut-borrows.rs": [
    3.32289376000017,
    3.4103012850000596,
    3.4000806119997833,
    3.322601893999945,
    3.426828852000199,
    3.3495144690000416,
    3.3880319149998286,
    3.4291134019999845,
    3.4897119319998637,
    3.402156053999988
  ],
  "prusti-tests/tests/verify/pass/quick/shared-borrows.rs": [
    2.18928140800017,
    2.183582701999967,
    2.1758285189998787,
    2.1670939289997477,
    2.173699721000048,
    2.182368105000023,
    2.1697903690001112,
    2.2085793719998037,
    2.240674874999968,
    2.1424426089997723
  ],
  "prusti-tests/tests/verify/pass/quick/trait-contracts-refinement.rs": [
    1.928268363999905,
    1.9624452509997354,
    1.9596758040001987,
    1.9021217089998572,
    1.9739249949998339,
    1.8880269360001876,
    1.8751885010001388,
    1.9129447949999303,
    1.8854778169998099,
    1.9815511809997588
  ],
  "prusti-tests/tests/verify/pass/quick/routes.rs": [
    5.539150413999778,
    5.346336032999716,
    5.272791975000018,
    5.239580898999975,
    5.286090479999984,
    5.212658105999708,
    5.220058117000008,
    5.206825388000198,
    5.11147525899969,
    5.111419547999958
  ],
  "prusti-tests/tests/verify/pass/quick/fibonacci.rs": [
    6.624478494000414,
    6.574307756000053,
    6.646648604000347,
    6.507698555999923,
    6.649388103000092,
    6.632632455000021,
    6.728266103999886,
    6.875734579999971,
    6.653787145000024,
    6.612148528000034
  ],
  "prusti-tests/tests/verify/pass/pure-fn/len-lookup.rs": [
    3.874923225999737,
    3.901892102000147,
    3.843018580000262,
    3.961777374000121,
    3.8377262619997055,
    3.859718241000337,
    3.8861927080001806,
    4.038983478999853,
    3.9118283110001357,
    3.8687143410002136
  ],
  "prusti-tests/tests/verify/pass/pure-fn/quantifiers.rs": [
    2.3799049030003516,
    2.4155746500000532,
    2.4138555289996475,
    2.411689633000151,
    2.413670295000429,
    2.4646646690002854,
    2.3464707339999222,
    2.4014198780000697,
    2.4852728529999695,
    2.4476065789999666
  ],
  "prusti-tests/tests/verify/pass/pure-fn/recursive-pure-fn.rs": [
    2.176032894999935,
    2.1379164039999523,
    2.187219982999977,
    2.138382974999786,
    2.2132836339997084,
    2.1470984420002424,
    2.183424305999779,
    2.1077583780001987,
    2.1489869990000443,
    2.156815056999676
  ],
  "prusti-tests/tests/verify/pass/pure-fn/ref-mut-arg.rs": [
    3.209319291999691,
    3.1332502410000416,
    3.076282367999738,
    3.1401900379996732,
    3.1422440540000025,
    3.123232476999874,
    3.108618657000079,
    3.1242294270000457,
    3.1592327969997314,
    3.1452401579999787
  ],
  "prusti-tests/tests/verify/pass/rosetta/Ackermann_function.rs": [
    2.2056934619999993,
    2.1913409670000874,
    2.170697402999849,
    2.149306891999913,
    2.1806339199997637,
    2.2328386809999756,
    2.1512278749996767,
    2.1643788149999637,
    2.156539407999844,
    2.2187983289995827
  ],
  "prusti-tests/tests/verify/pass/rosetta/Heapsort.rs": [
    12.456124658000135,
    12.368023716000152,
    11.748183907000112,
    11.88621470299995,
    11.725783699000203,
    11.80875407099984,
    11.841384998000194,
    11.84940385300024,
    11.504620022999916,
    11.812047655000242
  ]
}