{
  "prusti-tests/tests/verify/pass/rosetta/Knuth_shuffle.rs": [
    2.599408927000013,
    2.2591288769999665,
    2.2808576050001648,
    2.2374518419999276,
    2.171739912000021,
    2.246048965,
    2.2397427809999044,
    2.090839509000034,
    2.1440341059999355,
    2.120966970999916
  ],
  "prusti-tests/tests/verify/pass/demos/account.rs": [
    1.8826819040000373,
    1.8014998480000486,
    1.8356853140001022,
    1.8479733570000008,
    1.8477944539999953,
    1.8504070579999734,
    1.937579211999946,
    1.8930740369999057,
    1.873892579999847,
    1.8921479139999065
  ],
  "prusti-tests/tests/verify/pass/rosetta/Knights_tour.rs": [
    118.81364984900006,
    120.07344510799999,
    117.19991126299988,
    116.43333083900006,
    116.79323862299998,
    113.60697447000007,
    115.915723265,
    116.46008722899978,
    116.79763693899986,
    117.634281483
  ],
  "prusti-tests/tests/verify/pass/quick/fold-unfold.rs": [
    1.2030444490001173,
    1.2317247900000439,
    1.2712521479998031,
    1.2892542740000863,
    1.2972048029996586,
    1.1899293380001836,
    1.1851702300000397,
    1.167797402999895,
    1.2382110120001926,
    1.2178739199998745
  ],
  "prusti-tests/tests/verify/pass/quick/moves.rs": [
    1.4674212109998734,
    1.4144062239997766,
    1.46990141499964,
    1.423239337999803,
    1.4830021359998682,
    1.4719276089999767,
    1.4810348210003212,
    1.5103024689997255,
    1.4538779770000474,
    1.4300173369997538
  ],
  "prusti-tests/tests/verify/pass/quick/mut-borrows.rs": [
    2.881768739999643,
    2.8816094150001845,
    2.8884802820002733,
    2.8682821370002785,
    2.8722202310000284,
    2.827981733999877,
    2.8854311840000264,
    2.847827346000031,
    2.887173970999811,
    2.8663975219997155
  ],
  "prusti-tests/tests/verify/pass/quick/shared-borrows.rs": [
    1.867102154999884,
    1.7948449549999168,
    1.8167517520000729,
    1.8899626639999951,
    1.8566535129998556,
    1.817738854000254,
    1.784139501000027,
    1.8199526620001052,
    1.8270580710000104,
    1.7776486070001738
  ],
  "prusti-tests/tests/verify/pass/quick/trait-contracts-refinement.rs": [
    1.6263152110000192,
    1.680590820999896,
    1.6252377629998591,
    1.7092905750000682,
    1.6560410040001443,
    1.7242698939999173,
    1.6979396460001226,
    1.6766436179996163,
    1.6919261379998716,
    1.6214728439999817
  ],
  "prusti-tests/tests/verify/pass/quick/routes.rs": [
    5.118068580999989,
    4.840764649999983,
    4.771445815000334,
    4.696334431000196,
    4.578268633999869,
    5.068538114000148,
    4.90356649100022,
    4.723211145999812,
    4.644933745000344,
    4.637511436000295
  ],
  "prusti-tests/tests/verify/pass/quick/fibonacci.rs": [
    5.801418148999801,
    5.821380274000148,
    5.800794246999885,
    5.756053386000076,
    5.878098840999883,
    5.883995942000183,
    5.821957248000217,
    5.964711739999984,
    5.784198097000171,
    5.728711991000182
  ],
  "prusti-tests/tests/verify/pass/pure-fn/len-lookup.rs": [
    3.383783671999936,
    3.3850924739999755,
    3.3397522489999574,
    3.2928077879996636,
    3.349258569000085,
    3.272512562999964,
    3.3465608799997426,
    3.4958915420002086,
    3.4155588690000513,
    3.349842743999943
  ],
  "prusti-tests/tests/verify/pass/pure-fn/quantifiers.rs": [
    2.0723374620001778,
    2.102443000000221,
    2.0950062140000227,
    2.043808226999772,
    2.200712889999977,
    2.154002817000219,
    2.139668788000108,
    2.0460871239997687,
    2.0418372109998018,
    2.0791697539998495
  ],
  "prusti-tests/tests/verify/pass/pure-fn/recursive-pure-fn.rs": [
    1.8385981829997036,
    1.809796025000196,
    1.8154079609998917,
    1.8462734519998776,
    1.83930262199965,
    1.8702042890004122,
    1.9384617269997761,
    1.893272103000072,
    1.843654257000253,
    1.8692717269996137
  ],
  "prusti-tests/tests/verify/pass/pure-fn/ref-mut-arg.rs": [
    2.7749611360000017,
    2.735859476999849,
    2.736395779000304,
    2.704946718999963,
    2.9237892350001857,
    2.854580294000243,
    2.7896417900001325,
    2.7160130659999595,
    2.802629528000125,
    2.8168432910001684
  ],
  "prusti-tests/tests/verify/pass/rosetta/Ackermann_function.rs": [
    1.905451881999852,
    1.8875923820000935,
    1.9671944080000685,
    1.9356261810003161,
    1.8658187009996254,
    1.847878860000037,
    1.8833455649996722,
    1.8388666040000317,
    1.8554183639998882,
    1.8797693319997961
  ],
  "prusti-tests/tests/verify/pass/rosetta/Heapsort.rs": [
    11.463708268000119,
    11.480606051999985,
    11.563950201999887,
    11.20554072799996,
    11.426600646000225,
    11.362456824000219,
    11.326566248999825,
    11.37977028100022,
    11.37982645699958,
    11.617627275999894
  ]
}