{
  "prusti-tests/tests/verify/pass/rosetta/Knuth_shuffle.rs": [
    2.1695720910000773,
    1.996632567000006,
    1.9725186150000127,
    1.9150597750000316,
    1.8999970560000747,
    1.9191363350000756,
    1.945774024000002,
    1.9215975710000066,
    1.9024268640000628,
    1.886137518000055
  ],
  "prusti-tests/tests/verify/pass/demos/account.rs": [
    1.7001016049999862,
    1.758735359999946,
    1.732359583999937,
    1.6907969960000173,
    1.7355062489999682,
    1.7298164659999884,
    1.7137145310000506,
    1.736731308000003,
    1.704038808000064,
    1.7066177429999243
  ],
  "prusti-tests/tests/verify/pass/rosetta/Knights_tour.rs": [
    97.39766752900005,
    95.80561437699998,
    97.07024382300006,
    98.61947308699996,
    98.61451868099994,
    97.10866359200008,
    95.657440812,
    97.14082513999983,
    96.44195650400002,
    99.74845505799999
  ],
  "prusti-tests/tests/verify/pass/quick/fold-unfold.rs": [
    1.1450609819999045,
    1.1378174760000093,
    1.1475961189998998,
    1.151656279000008,
    1.1399367070000608,
    1.134419925999964,
    1.1420225090000713,
    1.1362648250001257,
    1.149412601999984,
    1.1508239209999829
  ],
  "prusti-tests/tests/verify/pass/quick/moves.rs": [
    1.3954293199999483,
    1.3907047560001047,
    1.3875937919999615,
    1.3777594279999903,
    1.3946182760000738,
    1.39569969199988,
    1.3755312949999734,
    1.381744886999968,
    1.3907199919999584,
    1.382594256999937
  ],
  "prusti-tests/tests/verify/pass/quick/mut-borrows.rs": [
    2.707092863999833,
    2.75109750799993,
    2.7192802720001055,
    2.7315686680001363,
    2.7024655409998104,
    2.707753421999996,
    2.722252622000042,
    2.7169454439999754,
    2.7366515699998217,
    2.703812190000008
  ],
  "prusti-tests/tests/verify/pass/quick/shared-borrows.rs": [
    1.7212286389999463,
    1.7236583160001828,
    1.7240426620001017,
    1.7308522629998606,
    1.7147826270002042,
    1.7223167370000283,
    1.7319657820000884,
    1.718752289000122,
    1.7161153499998818,
    1.7179487770001742
  ],
  "prusti-tests/tests/verify/pass/quick/trait-contracts-refinement.rs": [
    1.548881706999964,
    1.542997977999903,
    1.5351921629999197,
    1.5004103520000172,
    1.503327894999984,
    1.5021639779999987,
    1.5042780979999861,
    1.513659632999861,
    1.5075705439999183,
    1.5149360530001559
  ],
  "prusti-tests/tests/verify/pass/quick/routes.rs": [
    4.490146700999958,
    4.275707004999958,
    4.163471395999977,
    4.11429474800002,
    4.130457834000026,
    4.142839196000068,
    4.086350378000134,
    4.0848545610001565,
    4.078091468999901,
    4.10497598999973
  ],
  "prusti-tests/tests/verify/pass/quick/fibonacci.rs": [
    5.19963794899968,
    5.222178674999668,
    5.186334638000062,
    5.16608506700004,
    5.191427257000214,
    5.176965615999961,
    5.155137350000132,
    5.1927758490001,
    5.174023603000023,
    5.175674998999966
  ],
  "prusti-tests/tests/verify/pass/pure-fn/len-lookup.rs": [
    3.0583995709998817,
    3.05075221900006,
    3.042333903999861,
    3.0246461419997104,
    3.0240800299998227,
    3.0173335829999814,
    3.0287175079997724,
    3.0253445599996667,
    3.0259957700000086,
    3.0183419240001967
  ],
  "prusti-tests/tests/verify/pass/pure-fn/quantifiers.rs": [
    1.8832015580001098,
    1.8614251359999798,
    1.8584103920002235,
    1.8469241869997859,
    1.8445548140002757,
    1.8585284199998569,
    1.8464726430001974,
    1.8585628220002945,
    1.8586918310002147,
    1.8533072519999223
  ],
  "prusti-tests/tests/verify/pass/pure-fn/recursive-pure-fn.rs": [
    1.6753561350001291,
    1.6497947590000877,
    1.644307519999984,
    1.651876658999754,
    1.645611366999674,
    1.6525659690000793,
    1.6506046409999726,
    1.6482314920003773,
    1.6458462530003999,
    1.6526129529997888
  ],
  "prusti-tests/tests/verify/pass/pure-fn/ref-mut-arg.rs": [
    2.4290534940000725,
    2.427632335999988,
    2.410533255000246,
    2.4603721879998375,
    2.4078787039998133,
    2.415188077000039,
    2.4309029080000073,
    2.414673870000115,
    2.4136329490002026,
    2.4122143280001183
  ],
  "prusti-tests/tests/verify/pass/rosetta/Ackermann_function.rs": [
    1.7115807369996219,
    1.7181786269998156,
    1.7013729899999817,
    1.7088185999996313,
    1.7089247010003419,
    1.697607736000009,
    1.7069840890003434,
    1.700055214999793,
    1.7128712030003044,
    1.7053836930003854
  ],
  "prusti-tests/tests/verify/pass/rosetta/Heapsort.rs": [
    9.620308569999906,
    9.474705333000202,
    9.543603048000023,
    9.473608640999828,
    9.39233061699997,
    9.440662992999933,
    9.483074836000014,
    9.51437719400019,
    9.45831520799993,
    9.501408837999861
  ]
}