{
  "prusti-tests/tests/verify/pass/rosetta/Knuth_shuffle.rs": [
    2.220657905000053,
    1.9155977789999952,
    1.8691924140000538,
    1.8482806840000876,
    1.7828900929999918,
    1.8371116680000341,
    1.8493513860000803,
    1.819050543000003,
    1.7872672990000638,
    1.805647524000051
  ],
  "prusti-tests/tests/verify/pass/demos/account.rs": [
    1.6397518920000493,
    1.653115310999965,
    1.6219747679999728,
    1.6273104760000479,
    1.648387404999994,
    1.6391577919999918,
    1.626637073999973,
    1.6505400080000072,
    1.62883457800001,
    1.6318321819999255
  ],
  "prusti-tests/tests/verify/pass/rosetta/Knights_tour.rs": [
    97.81877032800003,
    94.96439268199993,
    91.64837479400012,
    94.81296126200004,
    97.49224075200004,
    92.26919967800018,
    93.52114313900006,
    91.201235709,
    93.64302109999994,
    94.07560102499997
  ],
  "prusti-tests/tests/verify/pass/quick/fold-unfold.rs": [
    1.1153340369999114,
    1.1160973390001345,
    1.106250736999982,
    1.1097281419999945,
    1.1098896420000983,
    1.1070498379999663,
    1.1032249320001029,
    1.102963931999966,
    1.1231087599999228,
    1.1133250430000317
  ],
  "prusti-tests/tests/verify/pass/quick/moves.rs": [
    1.3452811629999815,
    1.3441727609999816,
    1.3614973849998933,
    1.3528050730001269,
    1.342897258999983,
    1.3583485819999623,
    1.3362654520001342,
    1.3403719570001158,
    1.343282161000161,
    1.3416028599999663
  ],
  "prusti-tests/tests/verify/pass/quick/mut-borrows.rs": [
    2.6212094329998763,
    2.6188574319999134,
    2.616400827999996,
    2.615619926999898,
    2.6190240340001765,
    2.6219409379998524,
    2.6265357449999556,
    2.617109131999996,
    2.6249270429998433,
    2.6319014530001823
  ],
  "prusti-tests/tests/verify/pass/quick/shared-borrows.rs": [
    1.6578707019998546,
    1.6575775010001053,
    1.6647365119999904,
    1.6745145249999496,
    1.6646875120000004,
    1.6650553120000495,
    1.6655476129999442,
    1.6728260229999705,
    1.6657453130001159,
    1.6613289070000974
  ],
  "prusti-tests/tests/verify/pass/quick/trait-contracts-refinement.rs": [
    1.4854191640001773,
    1.4780585529999826,
    1.4570212240000728,
    1.476308250999864,
    1.4562855230001333,
    1.4549043209999581,
    1.443955805999849,
    1.4805356570000185,
    1.4511699160000262,
    1.4634428320000552
  ],
  "prusti-tests/tests/verify/pass/quick/routes.rs": [
    4.278141243999926,
    4.086906378000094,
    4.002865662999966,
    3.9819337330000053,
    3.959656602999985,
    3.936274469999944,
    3.9462004839999736,
    3.9405581759999677,
    3.899732818000075,
    3.932760663999943
  ],
  "prusti-tests/tests/verify/pass/quick/fibonacci.rs": [
    5.02070205699988,
    4.9769994920000045,
    4.980630690999988,
    4.973097372999973,
    4.959205449999899,
    4.953862037000135,
    4.981863871999849,
    4.996599190000097,
    4.9508232919999955,
    4.97529151200024
  ],
  "prusti-tests/tests/verify/pass/pure-fn/len-lookup.rs": [
    2.9076961659998233,
    2.934346903000005,
    2.9316735639999933,
    2.928910950000045,
    2.9262736470000164,
    2.9213078620000488,
    2.935944182000185,
    2.9405479960000775,
    2.919187885000156,
    2.9175928829999975
  ],
  "prusti-tests/tests/verify/pass/pure-fn/quantifiers.rs": [
    1.799956361999648,
    1.7798412910001389,
    1.7776587870002913,
    1.7721709790002933,
    1.7743817820000913,
    1.7721386489997712,
    1.7814601269997183,
    1.7753106169998318,
    1.7948359460001484,
    1.782329405999917
  ],
  "prusti-tests/tests/verify/pass/pure-fn/recursive-pure-fn.rs": [
    1.5923164790001465,
    1.6081235009996817,
    1.5843764679998458,
    1.584300168000027,
    1.5765459529998225,
    1.5799010499999895,
    1.5815697520001777,
    1.5833952550001413,
    1.5852544570002465,
    1.5830349429998023
  ],
  "prusti-tests/tests/verify/pass/pure-fn/ref-mut-arg.rs": [
    2.340516557000228,
    2.340474557000107,
    2.3378023529999155,
    2.3243665620002503,
    2.3298685780000596,
    2.324411314000372,
    2.3511683470001117,
    2.3520388359997924,
    2.334060108000358,
    2.317537736000304
  ],
  "prusti-tests/tests/verify/pass/rosetta/Ackermann_function.rs": [
    1.657442551999793,
    1.6545206840000901,
    1.65326018199994,
    1.64775837399975,
    1.652910181000152,
    1.6417993130003197,
    1.6515365200002634,
    1.6533838230002402,
    1.6566789280000194,
    1.6339126909997503
  ],
  "prusti-tests/tests/verify/pass/rosetta/Heapsort.rs": [
    9.313508652999644,
    9.159638100999928,
    9.1713883540001,
    9.198800118000236,
    9.160067029999936,
    9.152835878000133,
    9.149964713999907,
    9.078550877999987,
    9.138981837999836,
    9.203985918999933
  ]
}