{
  "prusti-tests/tests/verify/pass/rosetta/Knuth_shuffle.rs": [
    2.2893497410000236,
    2.028307788999996,
    2.021392495999976,
    1.9703571090000196,
    1.9327801570000247,
    1.9821122859999605,
    1.9482914289999371,
    1.9506037600000354,
    1.9269138249999287,
    1.9189497909999318
  ],
  "prusti-tests/tests/verify/pass/demos/account.rs": [
    1.7490620990000707,
    1.7780445909999116,
    1.7610913610000125,
    1.734807628999988,
    1.7639571240000578,
    1.7280892390000417,
    1.7562950209999144,
    1.751783156999977,
    1.7378827629999023,
    1.7837714820000201
  ],
  "prusti-tests/tests/verify/pass/rosetta/Knights_tour.rs": [
    102.77069605199995,
    100.75585078999995,
    99.87373016799984,
    98.58577075199992,
    101.35567733899984,
    99.42464548500016,
    98.0129117680001,
    99.71839431299986,
    100.3596728519999,
    100.25984102100006
  ],
  "prusti-tests/tests/verify/pass/quick/fold-unfold.rs": [
    1.1761280450000413,
    1.1755096370000047,
    1.1693496550001328,
    1.1644287530000383,
    1.174242225999933,
    1.1674276310000096,
    1.1649580969999533,
    1.1869100020001042,
    1.1792429960000845,
    1.177242367999952
  ],
  "prusti-tests/tests/verify/pass/quick/moves.rs": [
    1.4169851910000943,
    1.423601569000084,
    1.421727343000157,
    1.4117301090000183,
    1.4211477349999768,
    1.427781234000122,
    1.4043475630001012,
    1.4097538360001636,
    1.4280821840000044,
    1.4123358709998683
  ],
  "prusti-tests/tests/verify/pass/quick/mut-borrows.rs": [
    2.7575562670001545,
    2.764085274000081,
    2.759765014999857,
    2.761914365999928,
    2.746866410999928,
    2.7551678230001926,
    2.74521882199997,
    2.7529433400000016,
    2.7803762119999647,
    2.7555973030000587
  ],
  "prusti-tests/tests/verify/pass/quick/shared-borrows.rs": [
    1.741224389000081,
    1.7570604059999368,
    1.765673723999953,
    1.7598772609999287,
    1.745864845000142,
    1.760472443000026,
    1.7408670770000754,
    1.7530935419999878,
    1.7464005680001264,
    1.7449158990000342
  ],
  "prusti-tests/tests/verify/pass/quick/trait-contracts-refinement.rs": [
    1.5970056819999172,
    1.5612214939999376,
    1.5328341069998714,
    1.5493519039998773,
    1.5443937659999847,
    1.5322203029998036,
    1.539794004000214,
    1.5446902700000464,
    1.549615700000004,
    1.5679108409999571
  ],
  "prusti-tests/tests/verify/pass/quick/routes.rs": [
    4.625936188999958,
    4.304922914000144,
    4.184460055000045,
    4.19748894899999,
    4.13933395700019,
    4.164132265999797,
    4.136189291999926,
    4.131304825999905,
    4.0951539359998606,
    4.146384295000189
  ],
  "prusti-tests/tests/verify/pass/quick/fibonacci.rs": [
    5.216095548000112,
    5.250874934999956,
    5.217153018999852,
    5.243413106000162,
    5.237590458000113,
    5.221687961000043,
    5.215699777000054,
    5.2511365200000455,
    5.205730251999967,
    5.212363145999916
  ],
  "prusti-tests/tests/verify/pass/pure-fn/len-lookup.rs": [
    3.072660496000026,
    3.0930862709999474,
    3.0823904510000375,
    3.0544665880001958,
    3.0531532559998595,
    3.0740819799998462,
    3.0672015889999784,
    3.072192427000118,
    3.0479872040000373,
    3.063590612000098
  ],
  "prusti-tests/tests/verify/pass/pure-fn/quantifiers.rs": [
    1.8726988919997893,
    1.9057863070001986,
    1.8871928580001622,
    1.8697275240001545,
    1.8851531109999087,
    1.885055783000098,
    1.8840724689998751,
    1.8653213170000527,
    1.8936470029998418,
    1.911636474000261
  ],
  "prusti-tests/tests/verify/pass/pure-fn/recursive-pure-fn.rs": [
    1.6760378100002526,
    1.690992510000342,
    1.7052816020000137,
    1.7093395580000106,
    1.7070361280002544,
    1.6816769870001735,
    1.6710300439999628,
    1.6779579370004285,
    1.6710262239998883,
    1.691699996999887
  ],
  "prusti-tests/tests/verify/pass/pure-fn/ref-mut-arg.rs": [
    2.498570823999671,
    2.495881889999964,
    2.451238765999733,
    2.4418272380003145,
    2.4911101010002312,
    2.454712901000221,
    2.4556540109997513,
    2.4497873320001418,
    2.4463569049999023,
    2.4511236060002375
  ],
  "prusti-tests/tests/verify/pass/rosetta/Ackermann_function.rs": [
    1.7568145400000503,
    1.732186818000173,
    1.7262651630003347,
    1.7247622349996163,
    1.7338625560000764,
    1.730848516000151,
    1.7265806589998647,
    1.7447469019998607,
    1.7361106859998472,
    1.7275477709999905
  ],
  "prusti-tests/tests/verify/pass/rosetta/Heapsort.rs": [
    9.682370070000161,
    9.578870234000078,
    9.558279480999772,
    9.52337449300012,
    9.590162761000101,
    9.620951850999973,
    9.641854909999893,
    9.603777017000084,
    9.642221233999862,
    9.671133584000017
  ]
}