{
  "prusti-tests/tests/verify/pass/rosetta/Knuth_shuffle.rs": [
    2.29361277299995,
    2.0513614300000427,
    1.9500940479999826,
    1.9604884029999994,
    1.921768795999924,
    1.9028098669998599,
    1.8916769869999825,
    1.92459266700007,
    1.8927944930001104,
    1.8672180390001358
  ],
  "prusti-tests/tests/verify/pass/demos/account.rs": [
    1.7337749949999761,
    1.7228862189999745,
    1.6934790739999244,
    1.706896031000042,
    1.686067704999914,
    1.7017499820001376,
    1.6912393960001282,
    1.7432059440000103,
    1.706536830999994,
    1.698430430000144
  ],
  "prusti-tests/tests/verify/pass/rosetta/Knights_tour.rs": [
    102.24413118599978,
    97.75872246100016,
    98.35251160400003,
    99.72944733400004,
    100.25649806799993,
    98.70628630299984,
    101.054453362,
    100.56023877799998,
    97.16189339000016,
    97.86168264899993
  ],
  "prusti-tests/tests/verify/pass/quick/fold-unfold.rs": [
    1.1422056559999874,
    1.1279273139998622,
    1.1496002300000328,
    1.1356984919998467,
    1.138253817000077,
    1.130337832999885,
    1.1410959099998763,
    1.142029821000051,
    1.1387615849998838,
    1.139329091000036
  ],
  "prusti-tests/tests/verify/pass/quick/moves.rs": [
    1.3754478000000745,
    1.382454085000063,
    1.390402727000037,
    1.3775799860000006,
    1.3871021790000668,
    1.379785996999999,
    1.3711978079995788,
    1.3920443780002643,
    1.3826472760001707,
    1.3763274940001793
  ],
  "prusti-tests/tests/verify/pass/quick/mut-borrows.rs": [
    2.7121742709996397,
    2.7334525820001545,
    2.70649246999983,
    2.713412389000041,
    2.720700640999894,
    2.71866244299963,
    2.704922597999939,
    2.700048711999898,
    2.735711772999821,
    2.7357464729998355
  ],
  "prusti-tests/tests/verify/pass/quick/shared-borrows.rs": [
    1.7182848600000398,
    1.7248530480001136,
    1.7230766349998703,
    1.7231472120001854,
    1.7077579279998645,
    1.724117390000174,
    1.718813314000272,
    1.7075080639997395,
    1.7320685899999262,
    1.713486044000092
  ],
  "prusti-tests/tests/verify/pass/quick/trait-contracts-refinement.rs": [
    1.607349305000298,
    1.5381724900003064,
    1.526060432000122,
    1.5227106880001884,
    1.5214886720000322,
    1.5062611469998046,
    1.5141358549999495,
    1.5208491230000618,
    1.5386743070002922,
    1.5251049680000506
  ],
  "prusti-tests/tests/verify/pass/quick/routes.rs": [
    4.481890610999926,
    4.287582335000025,
    4.142188678999901,
    4.140862577000007,
    4.168722029000037,
    4.087487122999846,
    4.120384515999831,
    4.119335828000203,
    4.163289058999908,
    4.127936632000001
  ],
  "prusti-tests/tests/verify/pass/quick/fibonacci.rs": [
    5.25717444699967,
    5.220242718999998,
    5.1938714149996486,
    5.210817854999732,
    5.224025339000036,
    5.143298624999716,
    5.1722940099998596,
    5.183924897999987,
    5.167649224000343,
    5.191932047999671
  ],
  "prusti-tests/tests/verify/pass/pure-fn/len-lookup.rs": [
    3.0503715229997397,
    3.026465627000107,
    3.0209303159999763,
    3.0594826690003174,
    3.0202906989998155,
    3.0447859659998358,
    3.0234234939998714,
    3.0119328370001313,
    3.0081688739996935,
    3.0323591689998466
  ],
  "prusti-tests/tests/verify/pass/pure-fn/quantifiers.rs": [
    1.8618162859997938,
    1.8386606969997956,
    1.8441071389997887,
    1.8328244969998195,
    1.859285335000095,
    1.8421906599996873,
    1.844572676000098,
    1.865209656999923,
    1.8525156000000607,
    1.8652406379997046
  ],
  "prusti-tests/tests/verify/pass/pure-fn/recursive-pure-fn.rs": [
    1.6430423550000341,
    1.6502636889999849,
    1.664736689000165,
    1.6469964059997437,
    1.655243536999933,
    1.6617607410003075,
    1.647764210999867,
    1.6506525740001052,
    1.6431951530003062,
    1.6498156600000584
  ],
  "prusti-tests/tests/verify/pass/pure-fn/ref-mut-arg.rs": [
    2.4236118419999,
    2.440975790000266,
    2.402001222999843,
    2.4124354750001658,
    2.4055127130000074,
    2.405576239000311,
    2.4102676829998018,
    2.4183318979999058,
    2.4160609470000054,
    2.430626951999784
  ],
  "prusti-tests/tests/verify/pass/rosetta/Ackermann_function.rs": [
    1.699039872999947,
    1.6951900019998902,
    1.696310978999918,
    1.6861252630001218,
    1.7116918140000053,
    1.6978244209999502,
    1.6974465810003494,
    1.6948377459998483,
    1.7043856759996743,
    1.6976409839999178
  ],
  "prusti-tests/tests/verify/pass/rosetta/Heapsort.rs": [
    9.484957350000059,
    9.575738332000128,
    9.518578881999929,
    9.396987910999997,
    9.494786401000056,
    9.443729817000076,
    9.406359126000098,
    9.448371034999582,
    9.463851988999977,
    9.43950817599989
  ]
}