{
  "prusti-tests/tests/verify/pass/rosetta/Knuth_shuffle.rs": [
    2.2977157440000155,
    1.9744539270000132,
    1.9128339989999859,
    1.9187738789999003,
    1.8606966060001469,
    1.9075000979999004,
    1.85563500499984,
    1.8455780700001014,
    1.8761104059999525,
    1.8507388809998702
  ],
  "prusti-tests/tests/verify/pass/demos/account.rs": [
    1.7003651830000308,
    1.712190640000017,
    1.6808577240001341,
    1.7030546159999176,
    1.6897584389998883,
    1.6822509399999035,
    1.6844464689997949,
    1.7027741069998683,
    1.6870354630000293,
    1.6996976309999354
  ],
  "prusti-tests/tests/verify/pass/rosetta/Knights_tour.rs": [
    99.726837703,
    98.0460819729999,
    98.46588984200002,
    96.05815601300014,
    99.89614837499994,
    100.09985709500006,
    98.90103946599993,
    97.58063938400005,
    98.31676908200006,
    95.16800850799996
  ],
  "prusti-tests/tests/verify/pass/quick/fold-unfold.rs": [
    1.1268608800000948,
    1.1332245670000702,
    1.1303602279999723,
    1.121080602999882,
    1.1209603010001956,
    1.1188045710000551,
    1.1204695259998516,
    1.1214347740001358,
    1.1252523269999983,
    1.1315578119997554
  ],
  "prusti-tests/tests/verify/pass/quick/moves.rs": [
    1.3485369670002,
    1.3659845050001422,
    1.3579279949999545,
    1.3547576070000105,
    1.3534744890002912,
    1.356662631999825,
    1.348348320000241,
    1.3993870089998381,
    1.386883146999935,
    1.3641261860002487
  ],
  "prusti-tests/tests/verify/pass/quick/mut-borrows.rs": [
    2.6959879339997315,
    2.657902916999774,
    2.6719312219997846,
    2.6788089199999376,
    2.6840392879998944,
    2.6913160789999893,
    2.693680776000292,
    2.6942463830000634,
    2.6945898290000514,
    2.67869308499985
  ],
  "prusti-tests/tests/verify/pass/quick/shared-borrows.rs": [
    1.6954320760000883,
    1.702633472999878,
    1.7059408279997115,
    1.711900013000104,
    1.6926129739999851,
    1.6965923230000044,
    1.6965398780002943,
    1.851520568000069,
    1.7076903360002689,
    1.7144718269996702
  ],
  "prusti-tests/tests/verify/pass/quick/trait-contracts-refinement.rs": [
    1.5415628050000123,
    1.5271686900000532,
    1.5118334489998233,
    1.4773422869998285,
    1.4818366479998986,
    1.494347414999993,
    1.4761617709996244,
    1.493519329999799,
    1.482527683999706,
    1.4842346059999727
  ],
  "prusti-tests/tests/verify/pass/quick/routes.rs": [
    4.489181368000118,
    4.236662676000378,
    4.13248774900012,
    4.109506212000269,
    4.123465629999828,
    4.137624549000066,
    4.095738213000004,
    4.072783909999998,
    4.057840087999921,
    4.0415747060001195
  ],
  "prusti-tests/tests/verify/pass/quick/fibonacci.rs": [
    5.1299756359999265,
    5.150134708000223,
    5.097863408000194,
    5.125549517000309,
    5.144997566999791,
    5.142480553000041,
    5.151502310000069,
    5.169326221000119,
    5.201758625000366,
    5.143092631999934
  ],
  "prusti-tests/tests/verify/pass/pure-fn/len-lookup.rs": [
    3.0215501279999444,
    3.04015405500013,
    3.0105803389997163,
    2.980647162999958,
    2.987738663000073,
    2.9951574040001105,
    3.002195797999775,
    2.9861862170000677,
    3.035200208000333,
    2.977573578999909
  ],
  "prusti-tests/tests/verify/pass/pure-fn/quantifiers.rs": [
    1.8567844130002413,
    1.8762242410002727,
    1.925651992999974,
    1.8632441700001436,
    1.8466423840000061,
    1.827584563000073,
    1.8421269479999864,
    1.8585797579999053,
    1.8534905050000816,
    1.8520941929996297
  ],
  "prusti-tests/tests/verify/pass/pure-fn/recursive-pure-fn.rs": [
    1.6523234729997966,
    1.6460431900000003,
    1.6450991780002369,
    1.6389747210000678,
    1.6423819299998286,
    1.6347830300001078,
    1.634839630999977,
    1.6402373020000596,
    1.6448010980002437,
    1.6521412410002085
  ],
  "prusti-tests/tests/verify/pass/pure-fn/ref-mut-arg.rs": [
    2.4267873459998555,
    2.4222419869997793,
    2.4306013880000137,
    2.4208368210001936,
    2.4072891440000603,
    2.4118258060002518,
    2.3940967810003713,
    2.418703094999728,
    2.4177947920002225,
    2.3860385549996863
  ],
  "prusti-tests/tests/verify/pass/rosetta/Ackermann_function.rs": [
    1.7077042410001013,
    1.6773829419998947,
    1.6974384049999571,
    1.6948788709996734,
    1.6980914129999292,
    1.6877279770001223,
    1.6919722319998982,
    1.6862916570003108,
    1.7002514920000067,
    1.6831071589999738
  ],
  "prusti-tests/tests/verify/pass/rosetta/Heapsort.rs": [
    9.562405445999957,
    9.495336437999867,
    9.52848013699986,
    9.485397035999995,
    9.4058832540004,
    9.390237307000007,
    9.464897903000292,
    9.478690847000053,
    9.493609146999916,
    9.532379517999743
  ]
}