{
  "prusti-tests/tests/verify/pass/rosetta/Knuth_shuffle.rs": [
    2.4428321660000165,
    2.3075070730000107,
    2.0533003259999987,
    2.0321969630000467,
    2.0716981499999747,
    2.101435997000067,
    2.2663944460000494,
    2.085239994999938,
    2.052566916999922,
    2.1536886940000386
  ],
  "prusti-tests/tests/verify/pass/demos/account.rs": [
    1.814281297999969,
    1.8565088460001107,
    1.756085224000003,
    1.7664837310001076,
    1.822700925999925,
    1.8047383040000113,
    1.7969491080000353,
    1.8160078149999208,
    1.8179327289999492,
    1.7969901700000719
  ],
  "prusti-tests/tests/verify/pass/rosetta/Knights_tour.rs": [
    112.92869737000001,
    109.33589447200006,
    108.85538157299993,
    110.38394079999989,
    106.6427041620002,
    113.00635295899997,
    109.30330891299991,
    111.73910106199992,
    109.60546621899994,
    109.36332004099972
  ],
  "prusti-tests/tests/verify/pass/quick/fold-unfold.rs": [
    1.1678847809998842,
    1.1642924369998582,
    1.1478330340000866,
    1.2063095540001996,
    1.1721907330002068,
    1.1497336580000592,
    1.1468923219999851,
    1.1754410739999912,
    1.1871801190000042,
    1.2007990870001777
  ],
  "prusti-tests/tests/verify/pass/quick/moves.rs": [
    1.4500264550001702,
    1.4914777659996616,
    1.4035680860001776,
    1.4183844690001024,
    1.4058095150003282,
    1.4577646540001297,
    1.612139355999716,
    1.407344732999718,
    1.4476774319996366,
    1.4526147930000661
  ],
  "prusti-tests/tests/verify/pass/quick/mut-borrows.rs": [
    2.8007311989999835,
    2.874251306000133,
    2.864003082999716,
    2.8905681109999932,
    2.8191760310000973,
    2.8330753999998706,
    2.8534661520002373,
    2.819028329000048,
    2.8376673600000686,
    2.82151875999989
  ],
  "prusti-tests/tests/verify/pass/quick/shared-borrows.rs": [
    1.7817537480000283,
    1.8030572090001442,
    1.80785836799987,
    1.7634872220000943,
    1.7768640869999217,
    1.7657741469997745,
    1.7468945149998945,
    1.7981213450002542,
    1.7670459619998837,
    1.7674483649998365
  ],
  "prusti-tests/tests/verify/pass/quick/trait-contracts-refinement.rs": [
    1.636496051999984,
    1.637802567000108,
    1.6833336280001276,
    1.631870393999634,
    1.6554245849997642,
    1.649390410000251,
    1.6248298079999586,
    1.615287391000038,
    1.5887339629998678,
    1.6721629899998334
  ],
  "prusti-tests/tests/verify/pass/quick/routes.rs": [
    4.91361190500038,
    4.661322422000012,
    4.538140815999668,
    4.538203823999993,
    4.52370046499982,
    4.661098372000197,
    4.71073212500005,
    4.668429552000362,
    4.611416935000307,
    4.537659690000055
  ],
  "prusti-tests/tests/verify/pass/quick/fibonacci.rs": [
    5.816584021999915,
    5.636011217000032,
    5.6233056330002,
    5.645415946999947,
    5.684385398999893,
    5.638110659000176,
    5.584989825999855,
    5.55410212400011,
    5.6179516900001545,
    5.627168987000005
  ],
  "prusti-tests/tests/verify/pass/pure-fn/len-lookup.rs": [
    3.2228335439999682,
    3.2302174349997586,
    3.295620267999766,
    3.2555773879998924,
    3.2157770989997516,
    3.2319783349998943,
    3.2027618719998827,
    3.263561318000029,
    3.1671520180002517,
    3.2260751320000054
  ],
  "prusti-tests/tests/verify/pass/pure-fn/quantifiers.rs": [
    2.0359409380002944,
    1.9857852220002314,
    1.9285117179997542,
    1.9406558770001539,
    1.9860277799998585,
    2.0043192059997637,
    2.068994603000192,
    1.9724434119998477,
    1.9751099449999856,
    1.996222205000322
  ],
  "prusti-tests/tests/verify/pass/pure-fn/recursive-pure-fn.rs": [
    1.7583695729999818,
    1.7499025689999144,
    1.7597856909997063,
    1.7266409829999247,
    1.7588859800002865,
    1.7583944739999424,
    1.7511477840002954,
    1.8224877640000159,
    1.7740728670000863,
    1.8177234049999242
  ],
  "prusti-tests/tests/verify/pass/pure-fn/ref-mut-arg.rs": [
    2.6515302819998396,
    2.614672427000187,
    2.6055067139996027,
    2.563187792000008,
    2.601550366000083,
    2.5829448370000136,
    2.5951922879999074,
    2.5936822740000025,
    2.617319265000333,
    2.537629183000263
  ],
  "prusti-tests/tests/verify/pass/rosetta/Ackermann_function.rs": [
    1.8456138769997779,
    1.7774936370001342,
    1.76752731400029,
    1.7965919729999769,
    1.7864196580003409,
    1.807324226000219,
    1.8156706279996797,
    1.7648063999999977,
    1.8126940920001289,
    1.8211803029998919
  ],
  "prusti-tests/tests/verify/pass/rosetta/Heapsort.rs": [
    10.685409133000121,
    10.844822804999694,
    10.755290500000228,
    10.728682832000231,
    10.673232618000384,
    10.539533964999919,
    10.631947111000045,
    10.769197315999918,
    10.530643147999854,
    10.621113496999897
  ]
}