{
  "prusti-tests/tests/verify/pass/rosetta/Knuth_shuffle.rs": [
    2.3737100830001054,
    2.0372066659999746,
    1.9548807630000056,
    2.017019153999968,
    1.958629096999971,
    1.9360018659999696,
    1.9613376370000424,
    1.9325193439999566,
    1.8941772970000557,
    1.8960626250000132
  ],
  "prusti-tests/tests/verify/pass/demos/account.rs": [
    1.7600483070000337,
    1.798703173999911,
    1.7253139279999914,
    1.7384525139999596,
    1.7463278249999803,
    1.7332629399999178,
    1.702173378999987,
    1.7368757660000256,
    1.7163500699999759,
    1.7170079800000622
  ],
  "prusti-tests/tests/verify/pass/rosetta/Knights_tour.rs": [
    107.89189468799987,
    104.31681632200002,
    105.11645986500002,
    111.537100409,
    108.668876727,
    104.84544306899988,
    102.19768086499994,
    105.39299717999984,
    104.39450835600019,
    100.99756316799994
  ],
  "prusti-tests/tests/verify/pass/quick/fold-unfold.rs": [
    1.1341210690000025,
    1.1355679939999845,
    1.1333186780000233,
    1.1286959809999644,
    1.11924044400007,
    1.1198123760000271,
    1.1296493400000145,
    1.1135331979999137,
    1.1269422979999035,
    1.12107421099995
  ],
  "prusti-tests/tests/verify/pass/quick/moves.rs": [
    1.3435766060001697,
    1.3565470769999592,
    1.376249856999948,
    1.3460465280002154,
    1.365865309000128,
    1.3689255320000484,
    1.347710755999742,
    1.355830436999895,
    1.3577588640000613,
    1.3676763339999525
  ],
  "prusti-tests/tests/verify/pass/quick/mut-borrows.rs": [
    2.6863373249998403,
    2.683441072000278,
    2.6629769999999553,
    2.664893342999676,
    2.720262274000106,
    2.7106926289998228,
    2.715320475000226,
    2.7292854990000706,
    2.744116202999976,
    2.7079415440002776
  ],
  "prusti-tests/tests/verify/pass/quick/shared-borrows.rs": [
    1.7172561980000864,
    1.718405413000255,
    1.7300670690001425,
    1.7366512569997212,
    1.7300353259997792,
    1.712558383999749,
    1.7080261219998647,
    1.7237257390002014,
    1.698231486000168,
    1.7008572029999414
  ],
  "prusti-tests/tests/verify/pass/quick/trait-contracts-refinement.rs": [
    1.5964759529997536,
    1.5542530820002867,
    1.5412858080003389,
    1.5168842789998962,
    1.5264549650000845,
    1.5136136390001411,
    1.5367793350001193,
    1.55929252299984,
    1.5247478819997013,
    1.5258303079999678
  ],
  "prusti-tests/tests/verify/pass/quick/routes.rs": [
    4.692807813999934,
    4.429153378000137,
    4.224702656000318,
    4.206597254999906,
    4.170410114999868,
    4.235702065000169,
    4.245793313999911,
    4.214667217000169,
    4.173000638999838,
    4.1846914510001625
  ],
  "prusti-tests/tests/verify/pass/quick/fibonacci.rs": [
    5.220942410000134,
    5.208611559000019,
    5.2305792819997805,
    5.222183218999817,
    5.206308694999734,
    5.17966011999988,
    5.163450032999663,
    5.172212088999913,
    5.20136120899997,
    5.156269566999981
  ],
  "prusti-tests/tests/verify/pass/pure-fn/len-lookup.rs": [
    3.0351486229997136,
    3.0275228379996406,
    3.033745971999906,
    3.0391179929997634,
    3.0306352709999373,
    3.0542807219999304,
    3.047186982999847,
    3.05300595899962,
    3.0436573479996696,
    3.0184313740001016
  ],
  "prusti-tests/tests/verify/pass/pure-fn/quantifiers.rs": [
    1.852388350000183,
    1.8648555250001664,
    1.8758231090000663,
    1.8475938569999926,
    1.8524707179999496,
    1.8708928730002299,
    1.8410502890001226,
    1.8460872559999189,
    1.8509158199999547,
    1.8484673640000437
  ],
  "prusti-tests/tests/verify/pass/pure-fn/recursive-pure-fn.rs": [
    1.6534104560000742,
    1.6349361289999251,
    1.6632731770000646,
    1.6435232339999857,
    1.6381015639999532,
    1.6584969450000244,
    1.6444442489996618,
    1.6402247539999735,
    1.638123927000379,
    1.658415044999856
  ],
  "prusti-tests/tests/verify/pass/pure-fn/ref-mut-arg.rs": [
    2.42859825000005,
    2.4413388150001083,
    2.43643326099982,
    2.4338558549998197,
    2.411759689000064,
    2.410354438000013,
    2.432694941999671,
    2.4147655070000837,
    2.416929434999929,
    2.428957169000114
  ],
  "prusti-tests/tests/verify/pass/rosetta/Ackermann_function.rs": [
    1.7178987769998457,
    1.7214090209999995,
    1.7118302999997468,
    1.705913924000015,
    1.7304426680002507,
    1.7169338969997625,
    1.7259455119997256,
    1.719416528000238,
    1.7314018759998362,
    1.7147503060000417
  ],
  "prusti-tests/tests/verify/pass/rosetta/Heapsort.rs": [
    9.912642138000137,
    9.747187911999845,
    9.798194745999808,
    9.740465171000324,
    9.635042607999821,
    9.767291413999828,
    9.839495618,
    9.968550266999955,
    9.840433092999774,
    10.061597285000062
  ]
}