{
  "prusti-tests/tests/verify/pass/rosetta/Knuth_shuffle.rs": [
    2.6460498530000223,
    2.3328788819999318,
    2.437681909999924,
    2.264028506000045,
    2.209550873000012,
    2.236392136000063,
    2.2701691670000628,
    2.1949911299999485,
    2.190082781000001,
    2.2064366419999715
  ],
  "prusti-tests/tests/verify/pass/demos/account.rs": [
    2.00999161499999,
    2.069394598000031,
    1.9660586849998936,
    2.1159401550000894,
    2.012164635999966,
    1.9847187690000965,
    2.040895921000015,
    1.999355913000045,
    2.0017894370000704,
    2.0566866769999024
  ],
  "prusti-tests/tests/verify/pass/rosetta/Knights_tour.rs": [
    111.98748842499992,
    113.57205942799987,
    112.63557141299998,
    113.28531899699988,
    111.86174749800011,
    110.66045577,
    118.93588441799989,
    118.25562285799992,
    121.58779813399997,
    121.6290866559998
  ],
  "prusti-tests/tests/verify/pass/quick/fold-unfold.rs": [
    1.4990933440003573,
    1.4414214620001076,
    1.4672589219999281,
    1.4929138819998116,
    1.505281185000058,
    1.4716376400001536,
    1.4635978599999362,
    1.4793053180001152,
    1.4471412949997102,
    1.453922963000423
  ],
  "prusti-tests/tests/verify/pass/quick/moves.rs": [
    1.7583236109999234,
    1.7862406910003301,
    1.7791190200000528,
    1.7866748950000328,
    1.7709626440000648,
    1.7838834850003877,
    1.7696512419997816,
    1.8034895830001005,
    1.7775897200003783,
    1.8035378790000323
  ],
  "prusti-tests/tests/verify/pass/quick/mut-borrows.rs": [
    3.537068952000027,
    3.467308391000188,
    3.4917770930001097,
    3.5046154299998307,
    3.517980310999974,
    3.5093505239997285,
    3.4962075180001193,
    3.5631305010001597,
    3.5469603820001794,
    3.5234719909999512
  ],
  "prusti-tests/tests/verify/pass/quick/shared-borrows.rs": [
    2.247699205000117,
    2.229655773000104,
    2.2065305300002365,
    2.252017788000103,
    2.26914047199989,
    2.261590313999932,
    2.2152681469997333,
    2.233649832000083,
    2.202214892000029,
    2.2579851469999994
  ],
  "prusti-tests/tests/verify/pass/quick/trait-contracts-refinement.rs": [
    2.0365767170001163,
    1.9834846819999257,
    1.9218855409999378,
    1.8631739500001459,
    1.9035301559997606,
    1.8706618259998322,
    1.878851971000131,
    1.9171687220000422,
    1.8796281850000014,
    1.8933691719998933
  ],
  "prusti-tests/tests/verify/pass/quick/routes.rs": [
    5.712983782000265,
    5.3784142419999625,
    5.230567730000075,
    5.147030443999938,
    5.039984128000015,
    5.058328065000296,
    5.0215105839997705,
    5.095553107999876,
    5.121319999999741,
    5.067460350000147
  ],
  "prusti-tests/tests/verify/pass/quick/fibonacci.rs": [
    6.401336037999954,
    6.479945579999821,
    6.334070544000042,
    6.378828210000393,
    6.3879007380000985,
    6.376620318999812,
    6.3817208750001555,
    6.354306403999999,
    6.241335867000089,
    6.316328491000149
  ],
  "prusti-tests/tests/verify/pass/pure-fn/len-lookup.rs": [
    3.7781358219999674,
    3.7403064000000086,
    3.781514718999915,
    3.6570385260001785,
    3.617904703000022,
    3.6748844789999566,
    3.639649092000127,
    3.5985918830001538,
    3.599484647999816,
    3.5785299429999213
  ],
  "prusti-tests/tests/verify/pass/pure-fn/quantifiers.rs": [
    2.2632250990000102,
    2.1929630939998788,
    2.1760667240000657,
    2.185733022000022,
    2.29820528800019,
    2.287701033999838,
    2.1825304439998945,
    2.1603048890001446,
    2.2343858499998532,
    2.201904814000045
  ],
  "prusti-tests/tests/verify/pass/pure-fn/recursive-pure-fn.rs": [
    1.9853219799997532,
    2.000591366000208,
    1.9830709819998447,
    1.9955748099996526,
    2.0370847320000394,
    2.014765030000035,
    1.9456926269999713,
    1.9569721380003102,
    1.9672560400003931,
    2.034084286000052
  ],
  "prusti-tests/tests/verify/pass/pure-fn/ref-mut-arg.rs": [
    2.943995356999949,
    2.8587607149997893,
    2.945740705999924,
    2.911909329000082,
    2.8026641669998753,
    2.8474962959999175,
    2.8776941989999614,
    2.871245896000346,
    2.84032716899992,
    2.8399784660000478
  ],
  "prusti-tests/tests/verify/pass/rosetta/Ackermann_function.rs": [
    2.1117587660000936,
    2.002953384000193,
    2.003918393999811,
    1.9884339389996057,
    1.966568319000089,
    1.9558452609999222,
    2.0079026869998415,
    2.017176479999762,
    2.0105574130002424,
    2.0295710979999058
  ],
  "prusti-tests/tests/verify/pass/rosetta/Heapsort.rs": [
    11.463729239999793,
    11.052149994000047,
    11.098104315,
    11.180852608999885,
    11.22149275799984,
    11.00773107499981,
    11.33910639900023,
    11.221305049999955,
    11.250412251999933,
    11.08855961800009
  ]
}