{
  "prusti-tests/tests/verify/pass/rosetta/Knuth_shuffle.rs": [
    2.240459179000027,
    1.9646871589999364,
    1.9874486260000594,
    1.882942476999915,
    1.8959566629999927,
    1.896703967999997,
    1.9153789590000088,
    1.917706312000064,
    1.8802039710000145,
    2.311494639999978
  ],
  "prusti-tests/tests/verify/pass/demos/account.rs": [
    1.7402038410000387,
    1.7291825230000768,
    1.701472846999991,
    1.7794457429999966,
    1.7090826950000064,
    1.6953101679999918,
    1.6942464479999444,
    1.7126998649999905,
    1.6808452640000269,
    1.733030890000009
  ],
  "prusti-tests/tests/verify/pass/rosetta/Knights_tour.rs": [
    104.00390909299995,
    100.04631549800001,
    98.76611983899988,
    99.88194916799989,
    99.17444985099996,
    100.57612731899985,
    98.43021204299998,
    100.56995361899999,
    96.25831455900015,
    97.82346961200005
  ],
  "prusti-tests/tests/verify/pass/quick/fold-unfold.rs": [
    1.1155898639999577,
    1.1192193150000094,
    1.110063989000082,
    1.106604581999818,
    1.1223113149999335,
    1.0981982309999694,
    1.1000397490001887,
    1.0987091359997976,
    1.1259635070000513,
    1.113448882000057
  ],
  "prusti-tests/tests/verify/pass/quick/moves.rs": [
    1.3412827499998912,
    1.3560608199998114,
    1.3443291829998998,
    1.3308834189999743,
    1.3438963769999646,
    1.337713501999815,
    1.3308794189999844,
    1.329416123000101,
    1.3507494420000512,
    1.3334729170001083
  ],
  "prusti-tests/tests/verify/pass/quick/mut-borrows.rs": [
    2.6155302360000405,
    2.624213309999959,
    2.628024286000027,
    2.6270485749998898,
    2.622702114000276,
    2.643080693000229,
    2.614845960000366,
    2.626118891999795,
    2.628815541000222,
    2.612807306000377
  ],
  "prusti-tests/tests/verify/pass/quick/shared-borrows.rs": [
    1.658025460999852,
    1.6939223489998767,
    1.6563731229998666,
    1.667046107999795,
    1.6579375100000107,
    1.6675317899998845,
    1.6607850790001066,
    1.665150623000045,
    1.6647919030001503,
    1.6744895169999836
  ],
  "prusti-tests/tests/verify/pass/quick/trait-contracts-refinement.rs": [
    1.4984514180000588,
    1.4864782959998593,
    1.4754196829999273,
    1.465420254000037,
    1.463337302999662,
    1.4580920459998197,
    1.460916066000209,
    1.4944078010003068,
    1.4668688500000826,
    1.4605164800000239
  ],
  "prusti-tests/tests/verify/pass/quick/routes.rs": [
    4.390909195999939,
    4.159139676999985,
    3.955215674000101,
    3.9703091530000165,
    4.002634030000081,
    4.006957926000268,
    4.017244005000066,
    4.0482142989999375,
    3.980077387000165,
    3.9635641730001225
  ],
  "prusti-tests/tests/verify/pass/quick/fibonacci.rs": [
    5.048838424000223,
    5.039959467000244,
    6.838835530000324,
    5.093707474999974,
    5.067070544999751,
    5.061175097999694,
    5.100377522000144,
    5.084980324000298,
    5.0888451119999445,
    5.163465642000119
  ],
  "prusti-tests/tests/verify/pass/pure-fn/len-lookup.rs": [
    2.960429528000077,
    2.99728866400028,
    2.975761381999746,
    2.934810877000018,
    2.924351402999946,
    2.918842085000051,
    2.9587676609999107,
    2.938012335000167,
    2.9124312439998903,
    2.8960522799998216
  ],
  "prusti-tests/tests/verify/pass/pure-fn/quantifiers.rs": [
    1.803308611000375,
    1.7918784379999124,
    1.783904682999946,
    1.784564989000046,
    1.7762172309999187,
    1.7947979230002602,
    1.7801563930001976,
    1.7784724820003248,
    1.7807387969996853,
    1.8036382340001182
  ],
  "prusti-tests/tests/verify/pass/pure-fn/recursive-pure-fn.rs": [
    1.604829546000019,
    1.5925484589997723,
    1.602322328000355,
    1.5931436629998643,
    1.5910911189998842,
    1.5828631949998453,
    1.6006228360001842,
    1.6051978729997245,
    1.589719950000017,
    1.5985255849996065
  ],
  "prusti-tests/tests/verify/pass/pure-fn/ref-mut-arg.rs": [
    2.3490183570002046,
    2.351723778000178,
    2.3399980889998915,
    2.343806355000197,
    2.3375313729998197,
    2.341708226999799,
    2.3547077309999622,
    2.3475449150000713,
    2.348700423000082,
    2.3390816829996766
  ],
  "prusti-tests/tests/verify/pass/rosetta/Ackermann_function.rs": [
    1.6518888499999775,
    1.6488994040000762,
    1.6864670869999827,
    1.7910247099998742,
    1.6516526109999177,
    1.6498192939998262,
    1.6453011120001975,
    1.6894363149999663,
    1.6627281249998305,
    1.6558951300003173
  ],
  "prusti-tests/tests/verify/pass/rosetta/Heapsort.rs": [
    9.526678441000058,
    9.44278985200026,
    9.39354344100002,
    9.442512536999857,
    9.311417239000093,
    9.343923932000052,
    9.353716883999823,
    9.35216269800003,
    9.388700998000331,
    9.280657625999993
  ]
}