{
  "prusti-tests/tests/verify/pass/rosetta/Knuth_shuffle.rs": [
    2.082689452000068,
    1.9855309219999526,
    1.9278161640000917,
    1.8935466010000255,
    1.8649378650000017,
    1.9042808519999426,
    1.8574754779999694,
    1.8639165199999752,
    1.8823676010000554,
    1.8356309960000772
  ],
  "prusti-tests/tests/verify/pass/demos/account.rs": [
    1.6614314410001043,
    1.6646669020000218,
    1.6643917929999361,
    1.666427616999954,
    1.6601526890000287,
    1.665087281999945,
    1.664660488000095,
    1.6696334099999603,
    1.664045385999998,
    1.6625099789999922
  ],
  "prusti-tests/tests/verify/pass/rosetta/Knights_tour.rs": [
    96.09615216100008,
    95.5933175109999,
    95.6396973740002,
    95.40536243700012,
    95.01044694400002,
    97.5416143299999,
    96.33373368400021,
    97.18897605400002,
    97.723598304,
    97.1187732630001
  ],
  "prusti-tests/tests/verify/pass/quick/fold-unfold.rs": [
    1.1083929630001421,
    1.1165832080000655,
    1.11460299700002,
    1.1144635960001779,
    1.1283217710001736,
    1.099702637000064,
    1.108045471999958,
    1.1049871550001171,
    1.121049641000127,
    1.1122289940001338
  ],
  "prusti-tests/tests/verify/pass/quick/moves.rs": [
    1.3548916790000476,
    1.341982293000001,
    1.342892412999845,
    1.3407901809998748,
    1.3549842530001115,
    1.3612786850001157,
    1.344837102000156,
    1.342156536999937,
    1.3441879419999623,
    1.3568955480000113
  ],
  "prusti-tests/tests/verify/pass/quick/mut-borrows.rs": [
    2.6550924420000683,
    2.6523771309998665,
    2.653435950999892,
    2.6625881039999513,
    2.665081076999968,
    2.6547927999999956,
    2.6392777219998607,
    2.6513011419999657,
    2.6701602429998275,
    2.6415037099998244
  ],
  "prusti-tests/tests/verify/pass/quick/shared-borrows.rs": [
    1.67196912899999,
    1.6846097960001316,
    1.6804321879999407,
    1.6772819740001523,
    1.6667694250002114,
    1.6686401329998262,
    1.670570213000019,
    1.6739996139999676,
    1.670844999999872,
    1.6675011840000025
  ],
  "prusti-tests/tests/verify/pass/quick/trait-contracts-refinement.rs": [
    1.506080140999984,
    1.4864641270000902,
    1.4907395379998434,
    1.4854880150001009,
    1.4978962719999345,
    1.4805235910000647,
    1.4638472879998972,
    1.476505311999972,
    1.4827614390001145,
    1.4671368710000934
  ],
  "prusti-tests/tests/verify/pass/quick/routes.rs": [
    4.483481383000026,
    4.1670109599999705,
    4.025907463000067,
    4.043002393000052,
    4.045613340999807,
    4.050127069999917,
    4.051207513999998,
    4.054561992999879,
    4.0092736910000895,
    4.043432872000039
  ],
  "prusti-tests/tests/verify/pass/quick/fibonacci.rs": [
    5.124905997000042,
    5.101737865000132,
    5.0859433499999795,
    5.075249397999869,
    5.070391890999872,
    5.0359534330000315,
    5.070200219000071,
    5.08077259699985,
    5.071635393000179,
    5.058448492000025
  ],
  "prusti-tests/tests/verify/pass/pure-fn/len-lookup.rs": [
    2.9673562540001512,
    2.9817858320002415,
    2.9483763769999314,
    2.9632736090002254,
    2.953190982000251,
    2.941915119999976,
    2.953355623999869,
    2.9459539940003197,
    2.9445184010000958,
    2.9488620170000104
  ],
  "prusti-tests/tests/verify/pass/pure-fn/quantifiers.rs": [
    1.8158634609999353,
    1.8113067809999848,
    1.8072079329999724,
    1.7967951630002972,
    1.7988842770000701,
    1.8246796520002135,
    1.808574292999765,
    1.804177854000045,
    1.8156598340001437,
    1.812766897000074
  ],
  "prusti-tests/tests/verify/pass/pure-fn/recursive-pure-fn.rs": [
    1.614385222999772,
    1.6073991000002934,
    1.6105101100001775,
    1.6121109149999029,
    1.6062717250001697,
    1.6090490779997708,
    1.6008528460001799,
    1.608746076999978,
    1.6117952889999287,
    1.6163319590000356
  ],
  "prusti-tests/tests/verify/pass/pure-fn/ref-mut-arg.rs": [
    2.3731775249998464,
    2.3864646629999697,
    2.3731354239998836,
    2.377994739999849,
    2.3641272739996566,
    2.365446178000184,
    2.3758651849998387,
    2.3657583830004114,
    2.373233308000181,
    2.364212379000037
  ],
  "prusti-tests/tests/verify/pass/rosetta/Ackermann_function.rs": [
    1.6645509960003437,
    1.673495226000341,
    1.668356107999898,
    1.6645786959998077,
    1.6586024709999947,
    1.6588020439999127,
    1.6602834499999517,
    1.6606468510003651,
    1.6712695850001182,
    1.6732481670001107
  ],
  "prusti-tests/tests/verify/pass/rosetta/Heapsort.rs": [
    9.464874583999972,
    9.362057498000013,
    9.345916284000396,
    9.410440833999928,
    9.411627321999731,
    9.374437801000113,
    9.403446669000004,
    9.382283906000339,
    9.36194719499963,
    9.32581957399998
  ]
}