{
  "prusti-tests/tests/verify/pass/rosetta/Knuth_shuffle.rs": [
    2.100569276999977,
    1.9262728039999502,
    1.8755046950000178,
    1.829843229000062,
    1.8263453109999546,
    1.841318235000017,
    1.8424651220000214,
    1.813299466999979,
    1.7841659969999455,
    1.8253685350000524
  ],
  "prusti-tests/tests/verify/pass/demos/account.rs": [
    1.6429283800000576,
    1.6280863189999764,
    1.6240612000000283,
    1.6207820459999311,
    1.6263204809999934,
    1.6329340029999457,
    1.6246942000000217,
    1.660248982999974,
    1.621452139999974,
    1.6170226929999671
  ],
  "prusti-tests/tests/verify/pass/rosetta/Knights_tour.rs": [
    93.49820597099995,
    93.12203795300002,
    93.71537389500008,
    92.66984872800003,
    93.01998113299987,
    93.7329996169999,
    93.49056562100009,
    92.48947341099984,
    94.9643601329999,
    95.34673970800009
  ],
  "prusti-tests/tests/verify/pass/quick/fold-unfold.rs": [
    1.1241469500000676,
    1.1001224310000453,
    1.0987712460000694,
    1.0929829149999932,
    1.1006007450000652,
    1.0957093609999902,
    1.0923912969999492,
    1.0994649199999458,
    1.1085029210000812,
    1.0966595830000188
  ],
  "prusti-tests/tests/verify/pass/quick/moves.rs": [
    1.3399452260000544,
    1.3478864539999904,
    1.3490251350001472,
    1.3332036209999387,
    1.343307502000016,
    1.3425859099997979,
    1.3278662850000273,
    1.33017868800016,
    1.3328437210000175,
    1.3275917820001268
  ],
  "prusti-tests/tests/verify/pass/quick/mut-borrows.rs": [
    2.6095467939999253,
    2.608188901999938,
    2.600823644000002,
    2.589223178999873,
    2.5986206649999986,
    2.590728705000174,
    2.5938873679999688,
    2.599168813999995,
    2.6087895809998827,
    2.5667195490000267
  ],
  "prusti-tests/tests/verify/pass/quick/shared-borrows.rs": [
    1.6446408519998386,
    1.648911574999829,
    1.6509715409999899,
    1.636098114999868,
    1.6300864849999925,
    1.6425029399999858,
    1.6274327820001417,
    1.6419137140001112,
    1.6322665249999773,
    1.6365225760000612
  ],
  "prusti-tests/tests/verify/pass/quick/trait-contracts-refinement.rs": [
    1.4757803350000813,
    1.463499517999935,
    1.4358060989998194,
    1.4254293139999845,
    1.4281798829999843,
    1.4376461790000121,
    1.4401878149999447,
    1.426289056000087,
    1.4346851669999978,
    1.4222317119999843
  ],
  "prusti-tests/tests/verify/pass/quick/routes.rs": [
    4.299859478999906,
    4.102435144999845,
    3.9420543310000085,
    3.925833883999985,
    3.8818833870000162,
    3.9146412360000795,
    3.909803787999863,
    3.8919185390000166,
    3.8737516629998936,
    3.895444982000299
  ],
  "prusti-tests/tests/verify/pass/quick/fibonacci.rs": [
    4.924854437999784,
    4.936269466999875,
    4.970151327000167,
    4.951699305000147,
    4.917669315000239,
    4.9122808279998935,
    4.897910671000318,
    4.921522639000159,
    4.910999562000143,
    4.92435903500018
  ],
  "prusti-tests/tests/verify/pass/pure-fn/len-lookup.rs": [
    2.8709297820000756,
    2.863063387999773,
    2.8986290789998748,
    2.880053443000179,
    2.8900809219999246,
    2.8745926799997505,
    2.882575535000342,
    2.8665415430000394,
    2.859811918000105,
    2.8494077590003144
  ],
  "prusti-tests/tests/verify/pass/pure-fn/quantifiers.rs": [
    1.755621832000088,
    1.7450279530003172,
    1.7647225279997656,
    1.7398388500000692,
    1.7544608970001718,
    1.7506166410003061,
    1.760582629000055,
    1.7616391159999694,
    1.771107786000357,
    1.7808861309999884
  ],
  "prusti-tests/tests/verify/pass/pure-fn/recursive-pure-fn.rs": [
    1.565103722999993,
    1.5634875420000753,
    1.5683686860002126,
    1.5597227610001028,
    1.566230256000381,
    1.5574037589999534,
    1.562946294000085,
    1.5544438939996326,
    1.558363861000089,
    1.5797726190003232
  ],
  "prusti-tests/tests/verify/pass/pure-fn/ref-mut-arg.rs": [
    2.3419849500000964,
    2.3358371220001573,
    2.319196911999825,
    2.329477992000193,
    2.322474972999771,
    2.31542847899982,
    2.328946995000024,
    2.323150863000137,
    2.337969391000115,
    2.3249439260002873
  ],
  "prusti-tests/tests/verify/pass/rosetta/Ackermann_function.rs": [
    1.6578416870002002,
    1.6409994850000658,
    1.6396548999996412,
    1.629563563999909,
    1.6403096600001845,
    1.6402643619999253,
    1.6449249070001315,
    1.6390468750000764,
    1.6353739510000196,
    1.6434118509996551
  ],
  "prusti-tests/tests/verify/pass/rosetta/Heapsort.rs": [
    9.56917595799996,
    9.19904681700018,
    9.048911195000073,
    9.063634396999987,
    9.097573066000223,
    9.053367617000276,
    9.085027126999648,
    9.087166713999977,
    9.074147824000192,
    9.104636982999637
  ]
}