{
  "prusti-tests/tests/verify/pass/rosetta/Knuth_shuffle.rs": [
    2.1986094789999697,
    1.899629257000015,
    1.9220480420001422,
    1.8470557870000448,
    1.8412751910000225,
    1.8740686700000424,
    1.853092987999844,
    1.8031339189999471,
    1.8326991019998786,
    1.8412087960000463
  ],
  "prusti-tests/tests/verify/pass/demos/account.rs": [
    1.695964584999956,
    1.6859918919999473,
    1.6666880039999796,
    1.673124400000006,
    1.668832903000066,
    1.656954609999957,
    1.6522409130000142,
    1.698764686000004,
    1.6446902179998233,
    1.6474734159999116
  ],
  "prusti-tests/tests/verify/pass/rosetta/Knights_tour.rs": [
    94.59738580299995,
    91.45363220900003,
    92.06718409700011,
    94.102507586,
    95.35541427299995,
    92.9463352360001,
    91.16947663199994,
    93.18224948000011,
    92.44042852500002,
    94.0834663820001
  ],
  "prusti-tests/tests/verify/pass/quick/fold-unfold.rs": [
    1.1409486350000861,
    1.1413824349999686,
    1.1409890360000645,
    1.123457744999996,
    1.135912739000105,
    1.1278853520000212,
    1.1347431229999074,
    1.161975577000021,
    1.1407518590001473,
    1.1471911230000842
  ],
  "prusti-tests/tests/verify/pass/quick/moves.rs": [
    1.3907819799999288,
    1.387968520999948,
    1.3741491030000361,
    1.3586105219999354,
    1.3725817050001297,
    1.3808474720001414,
    1.3675684059999185,
    1.3777960889999576,
    1.3571032870002,
    1.3508547930000532
  ],
  "prusti-tests/tests/verify/pass/quick/mut-borrows.rs": [
    2.64525592699988,
    2.6644305449999592,
    2.6589626020002015,
    2.6525303049998,
    2.6460223189999397,
    2.6651255960000526,
    2.654019501999983,
    2.646602563999977,
    2.65757980699982,
    2.629170873000021
  ],
  "prusti-tests/tests/verify/pass/quick/shared-borrows.rs": [
    1.6784428880000632,
    1.6783997839997937,
    1.6836614869998812,
    1.6730160649999561,
    1.679601616999662,
    1.6709581809996052,
    1.6793859999997949,
    1.686866640000062,
    1.6770353390002128,
    1.6760799489998135
  ],
  "prusti-tests/tests/verify/pass/quick/trait-contracts-refinement.rs": [
    1.5184528429999773,
    1.4809413040002255,
    1.4726089199998569,
    1.4820413940001345,
    1.4489306899999974,
    1.4535260370003016,
    1.4546274139997877,
    1.464076973000374,
    1.4491850700001123,
    1.4667684949999966
  ],
  "prusti-tests/tests/verify/pass/quick/routes.rs": [
    4.281749893999859,
    4.133579886000007,
    3.957571972999631,
    3.9465067289997933,
    4.025486230000297,
    4.012407305999659,
    3.996941117999995,
    3.9925638439999602,
    4.023411107999891,
    4.012648308999815
  ],
  "prusti-tests/tests/verify/pass/quick/fibonacci.rs": [
    4.999382746000265,
    5.027783540999735,
    5.035080766999727,
    5.040117198000189,
    5.090972183000304,
    5.07202495599995,
    5.033546647000094,
    5.064374176999991,
    5.070021664999786,
    5.0453319700000065
  ],
  "prusti-tests/tests/verify/pass/pure-fn/len-lookup.rs": [
    3.010446322000007,
    3.0006391070000973,
    2.964597609000066,
    2.959887469000023,
    2.9605282699999407,
    2.939428404999944,
    2.934213955999894,
    2.9319145230001595,
    2.904691318999994,
    2.9949581200003195
  ],
  "prusti-tests/tests/verify/pass/pure-fn/quantifiers.rs": [
    1.803306811999846,
    1.7958564880000267,
    1.780998305999674,
    1.7793759050000517,
    1.778769506000117,
    1.8056551999998192,
    1.7880822830002217,
    1.7780476849998195,
    1.797134681999978,
    1.8031825809998736
  ],
  "prusti-tests/tests/verify/pass/pure-fn/recursive-pure-fn.rs": [
    1.6025018629998158,
    1.5846134379999057,
    1.586484837000171,
    1.5963417360003405,
    1.5884715370002596,
    1.6058540560002257,
    1.5987600469998142,
    1.6021253439998873,
    1.6080000980000477,
    1.6214160429999538
  ],
  "prusti-tests/tests/verify/pass/pure-fn/ref-mut-arg.rs": [
    2.370934185999886,
    2.423370762000104,
    2.4016080660003354,
    2.3956756620000306,
    2.4257905479998954,
    2.3972683530000722,
    2.3717171580001377,
    2.3695175500001824,
    2.3718120510002336,
    2.3810155479995956
  ],
  "prusti-tests/tests/verify/pass/rosetta/Ackermann_function.rs": [
    1.6819905870002003,
    1.6942277899997862,
    1.6734577940001145,
    1.6753653929999928,
    1.6742159929999616,
    1.6790858949998437,
    1.6775633940001171,
    1.6703272959998685,
    1.6602224980001665,
    1.6489970000002359
  ],
  "prusti-tests/tests/verify/pass/rosetta/Heapsort.rs": [
    9.216555875000267,
    9.208528636999745,
    9.184274497999922,
    9.2138619440002,
    9.193478721999782,
    9.195979855999667,
    9.191152037999927,
    9.199028292000094,
    9.343111031999797,
    9.362829104999946
  ]
}